:020000040800F2
:10000000A81E00200D900008D58F0008D78F00088B
:10001000D98F0008DB8F0008DD8F0008000000008A
:10002000000000000000000000000000DF8F00085A
:10003000E18F000800000000E38F0008E58F000852
:1000400025900008299000082D90000831900008A4
:1000500035900008399000083D9000084190000854
:1000600045900008451300084F1300084990000808
:100070004D900008519000085590000859900008D4
:100080005D90000861900008659000086990000884
:100090006D90000871900008759000087990000834
:1000A0007D900008819000088590000889900008E4
:1000B00015130008211300082D1300083913000838
:1000C0008D90000891900008959000089990000884
:1000D0009D900008A1900008FD1200080913000877
:1000E000A5900008A990000800000000AD9000084D
:1000F000B1900008B5900008B9900008BD900008C4
:10010000C1900008C5900008C9900008CD90000873
:10011000D1900008D5900008D9900008DD90000823
:10012000E1900008E5900008E9900008ED900008D3
:10013000F1900008F5900008F9900008FD90000883
:1001400000000000000000000000000000000000AF
:100150000191000805910008099100080D9100081F
:100160001191000815910008199100081D910008CF
:100170002191000825910008299100080000000045
:100180002D9100083191000835910008399100083F
:100190003D910008419100084591000849910008EF
:1001A0004D9100085191000855910008599100089F
:1001B0005D9100086191000865910008699100084F
:1001C0006D910008719100087591000879910008FF
:1001D0007D910008819100088591000889910008AF
:1001E0008D9100089191000895910008999100085F
:1001F0009D910008A1910008A5910008A99100080F
:10020000AD910008B1910008B5910008B9910008BE
:10021000BD910008C1910008C5910008C99100086E
:10022000CD910008D1910008D59100080000000090
:10023000D9910008DD91000800000000E19100085C
:10024000E5910008E9910008ED910008F19100089E
:10025000F5910008F9910008FD910008019200084D
:1002600005920008099200080D92000811920008FA
:1002700015920008199200081D9200080000000065
:100280002192000825920008299200080000000031
:10029000000000002D9200082DE9F84F01F0ADFAA2
:1002A00001F07EFC01F0B8F901F00BFA01F0D5FA8B
:1002B00001F050FB01F0CBFBDFF8100D00F05EF910
:1002C00001F0F0FDDFF84C1B0860DFF8040DDFF8EB
:1002D000481B0160DFF8441B4160DFF8441B4161AB
:1002E000DFF8401B8161DFF8401BC16100218160A4
:1002F0000021C1600020DFF8DC1C0860DFF82C1B47
:100300000860DFF82C4B2060DFF8281B0860002015
:10031000DFF8C41C0860DFF8C00C0068DFF8BC1C04
:1003200008600020DFF86C1D08600020DFF8081B63
:1003300008600020DFF8041B08600420DFF8001BC1
:1003400008700120DFF8FC1A08600020DFF8901C1C
:1003500008600020DFF88C1C08600020DFF8881C93
:1003600008600020DFF8841C0860DFF8845C01224C
:100370002900DFF8800C01F09AFFDFF87C6C306810
:10038000642861DB206801285EDB280003F0FEFAA8
:10039000284410F8010C0A2806D1280003F0F6FAC8
:1003A0002844002100F8011CDFF8CC7CDFF8280C81
:1003B00000680090DFF8240C03682A00DFF83C1C7A
:1003C000380003F003FB2900DFF8340C03F01EFBB8
:1003D000DFF8A88CDFF8A89CDFF8A8ACDFF8A8BC91
:1003E000CDF800B053464A46DFF8A01C00F0DDF817
:1003F000C8F80000380003F0C9FA020092B23900D0
:10040000DFF8F00B01F0F9FED8F80000002810D159
:10041000DFF8B87B9BED000ADAF80030D9F800204D
:100420003900280000F086F900220021380000F091
:100430000BFD002030600020206000200A2803DA35
:1004400000212954401CF9E720680A282FDBDFF837
:10045000F46C280000F0D6FD30603068002812D11E
:10046000DFF8146C2A00DFF8281C300003F0AEFA25
:10047000300003F08BFA020092B23100DFF8740B07
:1004800001F0BBFE11E0DFF8F06B2A00DFF8B81CCA
:10049000300003F09BFA01223100DFF8580B01F025
:1004A000ACFE0120DFF82C1B086000202060DFF884
:1004B000006D306873280CD1DFF8907C3878002804
:1004C00007D101220121DFF8EC0C03F0CDFB012064
:1004D0003870706873280CD1DFF8707C7878002849
:1004E00007D101220221DFF8D00C03F0BDFB01206F
:1004F0007870B06873280DD1DFF8507CB878002888
:1005000008D101224FF48041DFF8A80C03F0ACFBC6
:100510000120B870306878280CD1DFF8307C38784A
:10052000012807D100220121DFF8880C03F09CFB91
:1005300000203870706878280CD1DFF8107C78784B
:10054000012807D100220221DFF86C0C03F08CFB9C
:1005500000207870B06878287FF40FAFDFF8EC6B7C
:10056000B07801287FF409AF00224FF48041DFF812
:10057000440C03F079FB0020B070FEE633210170DB
:10058000342180F88010352180F80011362180F860
:10059000801100214170002180F88110002180F835
:1005A0000111002180F8811170472DE9F84F86B0C4
:1005B00004000D0016001F00DDF840805FF0000A07
:1005C0005FF00009207858280FD1200003F0DEF9F1
:1005D000022808D36078522805D10120DFF8B41A28
:1005E000086000F0B5FD5046A0E02078472801D112
:1005F00050469BE0200003F0C9F9022801D20120F7
:1006000094E0207846282BD02078522828D02078D3
:100610004C2825D02078422822D0207858281FD076
:1006200020785A281CD02078432819D020785928BF
:1006300016D020784A2813D02078552810D020785A
:1006400048280DD020784E280AD020784D2807D091
:100650002078512804D02078452801D0012065E079
:100660000122611C03A803F03BFB00208DF80D0064
:1006700003A803F00DFC3060002801D1012055E0F3
:1006800020784D2802D020784E2814D1200003F085
:100690007DF903280BD3A07846280AD0A0785228E9
:1006A00007D0A078422804D0A0784C2801D001209F
:1006B000824650463AE02078512802D020784528DA
:1006C00033D1200003F062F9062801D201202DE089
:1006D0000222A11C684603F003FBEB4600208BF8C6
:1006E0000200684603F0D4FB8146002801D10120B6
:1006F0001CE01E2000FB09F038600222211D684624
:1007000003F0EEFA00208BF80200684603F022FDA9
:10071000B7EEC00B88ED000A98ED000AB5EE400A6E
:10072000F1EE10FA01D1012000E0504607B0BDE81B
:10073000F08F00002DE9F0412DED028B04000D003B
:1007400016001F00B0EE408A0A2000FB06F05B2175
:1007500090FBF1F801FB1808207847280FD100F032
:100760009FFC00F0F5FC00206870002085F88100F7
:10077000002085F80101002085F8810182E22078BF
:1007800046280DD185F80180FF2000FB08F085F890
:100790008100FF2000FB08F085F8010185F88181C8
:1007A000207842280CD1FF2000FB08F0687085F803
:1007B000818085F80181FF2000FB08F085F8810128
:1007C00020784C2812D1FF2000FB08F06870FF2031
:1007D00000FB08F085F88100FF2000FB08F085F899
:1007E0000101FF2000FB08F085F8810120785228E4
:1007F00007D185F8018085F8818085F8018185F829
:10080000818120785A2811D185F80180FF2000FBD2
:1008100008F085F8810085F80181FF2000FB08F0D1
:1008200085F881010120DFF8B81708602078432897
:1008300010D1FF2000FB08F0687085F88180FF2050
:1008400000FB08F085F8010185F881810120DFF8BF
:1008500090170860207859280ED100206870FF207A
:1008600000FB08F085F88100FF2000FB08F085F808
:100870000101002085F881012078552809D185F8EB
:100880000180002085F88100002085F8010185F8AD
:10089000818120784A2808D10020687085F88180FD
:1008A00085F80181002085F88101207848280ED143
:1008B000FF2000FB08F06870002085F88100002010
:1008C00085F80101FF2000FB08F085F88101207800
:1008D0004E2840F0C480A07842285DD0462805D03C
:1008E0004C2800F0888052282FD0B8E000EE108A03
:1008F000B8EEC00B01EE108AB8EEC11B9FEDE33BD2
:1009000001EE030BBDEEC00B10EE100A68705FF035
:10091000FF3000FB08F000EE100AB8EEC00B01EE4D
:10092000108AB8EEC11B9FEDDB3B01EE030BBDEE61
:10093000C00B10EE100A85F88100FF2000FB08F0C4
:1009400085F8010185F8818189E085F801809FEDB6
:10095000D10B01EE108AB8EEC11B02EE108AB8EE80
:10096000C22B02EE001BBDEEC11B11EE100A85F872
:10097000810085F8018101EE108AB8EEC11B02EEFC
:10098000108AB8EEC22B02EE001BBDEEC10B10EEBA
:10099000100A85F8810162E0FF2000FB08F0687012
:1009A00085F8818000EE108AB8EEC00B01EE108A47
:1009B000B8EEC11B9FEDB53B01EE030BBDEEC00BC6
:1009C00010EE100A85F801015FF0FF3000FB08F01F
:1009D00000EE100AB8EEC00B01EE108AB8EEC11B93
:1009E0009FEDAC3B01EE030BBDEEC00B10EE100A09
:1009F00085F8810133E0FF2000FB08F068709FED6F
:100A0000A50B5FF0FF3000FB08F001EE100AB8EE16
:100A1000C11B02EE108AB8EEC22B02EE001BBDEE27
:100A2000C11B11EE100A85F88100FF2000FB08F0C1
:100A300085F801015FF0FF3000FB08F001EE100ABD
:100A4000B8EEC11B02EE108AB8EEC22B02EE001BFC
:100A5000BDEEC10B10EE100A85F88101FFE720788A
:100A60004D2840F0C480A07842285DD0462805D0AB
:100A70004C2800F08880522830D0B8E085F80180FA
:100A8000FF2000FB08F085F881005FF0FF3000FBDD
:100A900008F000EE100AB8EEC00B01EE108AB8EEB6
:100AA000C11B9FED7C3B01EE030BBDEEC00B10EEB6
:100AB000100A85F8010100EE108AB8EEC00B01EEB5
:100AC000108AB8EEC11B9FED713B01EE030BBDEE2A
:100AD000C00B10EE100A85F8810188E09FED6D0BC8
:100AE00001EE108AB8EEC11B02EE108AB8EEC22BDE
:100AF00002EE001BBDEEC11B11EE100A687085F8F6
:100B0000818001EE108AB8EEC11B02EE108AB8EEA9
:100B1000C22B02EE001BBDEEC10B10EE100A85F8D1
:100B2000010185F8818162E05FF0FF3000FB08F091
:100B300000EE100AB8EEC00B01EE108AB8EEC11B31
:100B40009FED543B01EE030BBDEEC00B10EE100AFF
:100B5000687000EE108AB8EEC00B01EE108AB8EE95
:100B6000C11B9FED4A3B01EE030BBDEEC00B10EE27
:100B7000100A85F8810085F80181FF2000FB08F04C
:100B800085F8810133E09FED430B5FF0FF3000FB00
:100B900008F001EE100AB8EEC11B02EE108AB8EEA2
:100BA000C22B02EE001BBDEEC11B11EE100A6870D5
:100BB000FF2000FB08F085F881005FF0FF3000FBAC
:100BC00008F001EE100AB8EEC11B02EE108AB8EE72
:100BD000C22B02EE001BBDEEC10B10EE100A85F811
:100BE0000101FF2000FB08F085F88101FFE7207874
:100BF00058280AD100206870002085F88100002064
:100C000085F80101002085F88101207851281BD149
:100C10000120DFF8CC130860B2EE040A88EE008AE7
:100C20000022B0EE480A390000EE908AF8EEE00AA1
:100C3000DFF89C0390ED071A60EE810AFDEEE00AF2
:100C400010EE900A00F02AF8207845281AD10120E9
:100C5000DFF88C130860B2EE040A88EE008A0122E5
:100C6000B0EE480A390000EE908AF8EEE00AD84863
:100C700090ED071A60EE810AFDEEE00A10EE900A90
:100C800000F00CF8BDEC028BBDE8F0819A999999BF
:100C90009999C93F9A9999999999C9BF2DE9F843AA
:100CA0002DED0A8B84B006000D00B0EE408A1400D2
:100CB000B52D02DB7642B1EE488A002C00D0764298
:100CC000DFED538A00EE106AB8EEC09B00EE105ABA
:100CD000B8EEC00A20EE280AB7EEC00A03F0A8FB5F
:100CE00029EE000BB7EEC09B00EE106AB8EEC0AB69
:100CF00000EE105AB8EEC00A20EE280AB7EEC00A7D
:100D000003F098FB2AEE000BF7EEC09BDFF8C082E1
:100D100098ED000AF0EE000A80EE200AD8ED010AF4
:100D2000B0EE001AC0EE810A30EE200A20EE08AACA
:100D300039EEC90A70EE0AAA39EE890A30EE4ABACB
:100D400039EEC90A70EE4ABA39EE890A30EE0ACA9B
:100D50008DED00CA6F46B1EE6A0A87ED010AB1EE69
:100D60006B0A87ED020A87ED03BA5FF00009B9F15B
:100D7000040F07DA684600EB890000F033F819F138
:100D80000109F4E700EE106AB8EEC00A88ED020A25
:100D9000C8F80C5088ED048A8C489DED000ABDEE21
:100DA000C00A10EE101A417097ED010ABDEEC00A9C
:100DB00010EE101A80F8811097ED020ABDEEC00AFD
:100DC00010EE101A80F8011197ED030ABDEEC00A6B
:100DD00010EE101A80F8811104B0BDEC0A8BBDE84A
:100DE000F183000090ED000AB7EEC00A9FEDAA2B38
:100DF00080EE020BB7EEC00B80ED000A90ED000A0A
:100E0000BDEEC00AB8EEC00A80ED000A70470000CF
:100E100035FA8E3C401A00200000414300005B433D
:100E20000000C0420020B4450000AC40281A002059
:100E3000241A0020301A0020801A00207C1A00207A
:100E4000A01A0020881A00202DE9FE4306000D009C
:100E50001400002D02D03000FFF790FB30788DF8A1
:100E600000006F467078787096F88100B87096F838
:100E70000101F87096F881013871DFF87081D8F8B7
:100E8000000000280DD0002C0BD157480168DFF876
:100E9000BC2A544803680A20434302EB030020F8AD
:100EA000021CDFF844910020C9F80000D8F80000C7
:100EB000002802D10120C8F8000005236A466821F5
:100EC000DFF88C0A03F01EFB7878002810D1B87880
:100ED00000280DD1F87800280AD13879002807D1E8
:100EE0000020C8F800000020C9F8000001206BE0D5
:100EF000002C01D0022067E00A203A49DFF84C2A92
:100F00007B78D1F800C000FB0CFC22F80C300B6899
:100F10004343134497F802C0A3F802C00B6843434D
:100F2000134497F803C0A3F804C00B6800FB03F058
:100F300010443A79C2800868401C08605549086826
:100F4000002807D00020254A10600020224A1060A7
:100F50000020086078785B2807DBF8785B2804DBE2
:100F60000320DFF8841B087024E07878002807D07D
:100F7000F8785B2804DB0020DFF86C1B087019E0B0
:100F800078785B2807DBF878002804D00220DFF8A7
:100F9000581B08700EE07878002807D0F8780028F1
:100FA00004D00120DFF8401B087003E00420DFF8C4
:100FB000381B08700A490868002803D00420DFF8AD
:100FC000282B107000200860BDE8FE832414002048
:100FD000041A00202C1A0020741A0020701A002015
:100FE000841A00208C1A0020901A0020941A0020E5
:100FF0004C170020B8160020541A0020EC8F00086F
:101000004C18002070B504004E4D00202860207858
:101010004C2803D00120286028682BE0DFF8CC6A38
:10102000601C02F035FF30603068012802DB306858
:10103000042803DB0120286028681BE0A0787328BF
:101040000CD0A0786C2809D0A078682806D0A078A9
:10105000782803D00120286028680BE0DFF8900A88
:10106000A178016000685249326801EB820141F8C1
:10107000040C286870BD0000CC170020501A002016
:101080005C1A0020641A0020601A0020581A002000
:101090001C900008781A0020000000000080154015
:1010A000F8B5DFF8505A01202860DFF84C6A332089
:1010B0003070DFF8480A07687F1E002F33D40A20FB
:1010C000DFF8881800FB07F28A5E5242727000FB5C
:1010D00007F20A44B2F90220524286F8812000FB4E
:1010E00007F20A44B2F90420524286F8012100FBBB
:1010F00007F20A44B2F90620524286F8812100FB29
:1011000007F00844B0F90800040001220021300073
:10111000FFF79AFEDFF8E8090068210009B288426B
:10112000F8DB7F1EC9E70020DFF8D819086000202F
:10113000DFF8D4190860002028600020DFF8CC19FF
:101140000860F1BD341A00205C8E00084C1A0020A3
:1011500010B40020DFF8A4190A6890421CDA0A21B2
:10116000DFF8E827002301FB00F41353002301FB01
:1011700000F414446380002301FB00F41444A380B2
:10118000002301FB00F41444E380002301FB00F181
:1011900011440B81401CDDE7002008600020DFF8CF
:1011A000601908600020DFF86819086010BC7047FB
:1011B0000000002000040258001002581CB5040072
:1011C00000208DF800002068DFF84819884217D108
:1011D000DFF8440900688DF80000DFF84009016875
:1011E000802908DA9DF80010DFF834290368D1540B
:1011F0000168491C016001226946200001F057F88E
:101200002068DFF8201988422DD10122694620008C
:1012100001F04DF8DFF8100900688DF80000DFF8E4
:10122000D408006800280CD09DF80000472807D09B
:101230009DF800000A2803D00120DFF8D0180860CC
:1012400011E0DFF8D808016880290CDA9DF8001059
:10125000DFF8CC280368D1540168491C01600020E4
:10126000DFF8C818086013BD1CB5040000208DF815
:1012700000002068DFF89C1888421CD1DFF8B00815
:10128000DFF8B0180A6803689A420EDADFF8A80897
:101290000A68805C8DF800000868401C0860012224
:1012A0006946200000F0A9FF05E00A680068824254
:1012B00001DB002008602068DFF8681888421CD134
:1012C000DFF86C08DFF86C180A6803689A420EDAD7
:1012D000DFF864080A68805C8DF800000868401C2C
:1012E000086001226946200000F087FF05E00A68D7
:1012F0000068824201DB0020086013BD80B5DFF882
:101300003C0801F00DF801BD80B5DFF8340801F0AC
:1013100007F801BD80B5DFF82C0804F037FA01BDED
:1013200080B5DFF8240804F031FA01BD80B5DFF89C
:101330001C0804F02BFA01BD80B5DFF8140803F097
:1013400035F901BD80B5082002F09BFC01BD80B5D8
:10135000102002F096FC01BD0168DFF8F8279142E9
:1013600003D10121DFF8F02711607047F8B50400C0
:101370002068B0F1804F7AD1DFF8E05728686C28F8
:1013800005D068686C2802D0A8686C286FD1DFF897
:10139000D0670020306028686C280ED1DFF8C47751
:1013A0003878002809D101220121DFF8BC0702F0BA
:1013B0005BFC012038700120306068686C280ED119
:1013C000DFF8A0777878002809D101220221DFF820
:1013D0009C0702F049FC0120787001203060A86869
:1013E0006C280FD1DFF87C77B87800280AD1012269
:1013F0004FF48041DFF8700702F036FC0120B8702E
:10140000012030603068012800F0CE8028686C2808
:101410000CD1DFF850673078012807D10022012174
:10142000DFF8440702F020FC0020307068686C2868
:101430000CD1DFF830677078012807D10022022133
:10144000DFF8280702F010FC00207070A8686C28F4
:101450000DD1DFF81057A878012808D100224FF4E9
:101460008041DFF8040702F0FFFB0020A87020682D
:10147000DFF8FC16884279D1DFF8E0562868682842
:1014800005D06868682802D0A86868286ED1DFF89F
:10149000E46600203060286868280ED1DFF8C47642
:1014A0003878002809D101220121DFF8BC0602F0BA
:1014B000DBFB0120387001203060686868280ED19D
:1014C000DFF8A0767878002809D101220221DFF820
:1014D0009C0602F0C9FB0120787001203060A868EA
:1014E00068280FD1DFF87C76B87800280AD101226D
:1014F0004FF48041DFF8700602F0B6FB0120B870AF
:1015000001203060306801284ED0286868280CD14E
:10151000DFF850663078012807D100220121DFF87A
:10152000480602F0A1FB00203070686868280CD1E2
:10153000DFF830667078012807D100220221DFF839
:101540002C0602F091FB00207070A86868280DD16D
:10155000DFF81056A878012808D100224FF4804106
:10156000DFF8040602F080FB0020A8702068DFF896
:101570000816884218D1DFF804060168491C01608A
:10158000DFF8A8050168491C0160DFF8F40501686F
:10159000491C0160DFF878050068002804D0DFF8F6
:1015A00060050168491C0160F1BD10B50400200010
:1015B00080B208282FD1210089B2DFF8C80502F0D7
:1015C00048FB012827D1DFF820150878042822D00D
:1015D0000878002805D1DFF82C050168491C016056
:1015E00019E00878022805D1DFF818050168491EBE
:1015F000016010E00878012805D1DFF80C050168CA
:10160000491C016007E00878032804D1DFF8F804DA
:101610000168491E016010BD10B59CB04C2100222C
:1016200009AC200004F0F0F92021002201AC2000D8
:1016300004F0EAF9022004F01BFA00200090DFF821
:1016400048050168490849000160006810F0010080
:101650000090DFF838050121026861F38F320260E3
:10166000016811F440410091009901688904FCD59A
:101670000220099001200C9040200D900020129033
:1016800009A804F021FA002801D000F087FA3F20D1
:101690000190002002900020039000200490002080
:1016A000059000200690002007900020089001215E
:1016B00001A800F0AFFA002801D000F06FFA1CB0CA
:1016C00010BD38B586B0142100226C46200004F00D
:1016D0009BF9DFF8BC04016851F002010160016868
:1016E00011F0020105910599016851F008010160AE
:1016F000016811F0080105910599016851F0100188
:101700000160016811F0100105910599016851F01F
:1017100001010160016811F001010591059901685D
:1017200051F004010160006810F004000590059874
:10173000DFF8344400224FF48041200002F094FA94
:101740004FF4804000900120019002200290002080
:1017500003906946200002F065F9DFF8105400227A
:101760000221280002F080FA02200090012001905E
:1017700002200290002003906946280002F052F9EE
:1017800000220121200002F06FFA012000900120C8
:10179000019002200290002003906946200002F090
:1017A00041F9082000905FF488140194022002900F
:1017B00003200390DFF8CC536946280002F032F989
:1017C00000220221092004F07AFD092004F089FD9D
:1017D000102000900194022002900320039069469B
:1017E000280002F01FF9002202210A2004F067FD00
:1017F0000A2004F076FD07B030BD1FB5102100228D
:101800006C46200004F000F904F078FD01208DF80A
:10181000000000208DF80100002001901F208DF8AD
:10182000080087208DF8090000208DF80A000020AC
:101830008DF80B0001208DF80C0001208DF80D00B3
:1018400000208DF80E0000208DF80F00684604F08F
:101850006EFD042004F05DFD1FBD70B586B0CD485F
:10186000016851F400310160016811F40031059103
:101870000599016851F480210160006810F480200E
:1018800005900598142100226C46200004F0BCF855
:10189000602000900220019001200290032003901C
:1018A00007200490B74E6946300002F0BBF8A34C05
:1018B000984820605FF4E13565600020A06000205A
:1018C000E060002020610C2060610020A061002009
:1018D000E0614FF4407000900220019001200290DE
:1018E00003200390072004906946300002F09AF824
:1018F000934E8C48306075600020B0600020F0602E
:10190000002030610C2070610020B0610020F06187
:1019100000220121262004F0D2FC262004F0E1FC64
:1019200000220121272004F0CAFC272004F0D9FC62
:10193000200000F023FC002800D0FEE7300000F07B
:101940001DFC002800D0FEE706B070BD9C00002002
:10195000CC1800207CB58F48016851F0010101606E
:10196000016811F0010100910099016851F0020134
:101970000160016811F0020100910099016851F0C5
:1019800004010160006810F00400009000986D4CA4
:101990005FF08040206041F6FF0060600021A160A0
:1019A00042F20F71E160002121610021A161664DC9
:1019B0006F49296068600021A96041F28731E960C0
:1019C000002129610021A961604E6B49316070607E
:1019D0000020B0600A20F060002030610020B0617B
:1019E000200003F035FE002801D000F0D7F82800D1
:1019F00003F02EFE002801D000F0D0F8300003F0F4
:101A000027FE002801D000F0C9F8002203211C2085
:101A100004F055FC1C2004F064FC002202211D206F
:101A200004F04DFC1D2004F05CFC002200211E206F
:101A300004F045FC1E2004F054FC200003F045FE99
:101A4000280003F042FE300003F03FFE73BD10B5E6
:101A500086B05048016851F400110160006810F42C
:101A60000010009000981421002201AC200003F027
:101A7000CBFF4FF4407001901220029001200390A0
:101A8000032004900420059001A9374801F0CAFF03
:101A90002F4C30482060404860600020A06001204A
:101AA000E06000202061002060610020A061002033
:101AB000E06100202062200002F0BEFC2068006887
:101AC00050F0420021680860002200211F2004F02D
:101AD000F6FB1F2004F005FC200002F0ADFC0028FE
:101AE00000D0FEE706B010BDA01A0020381A002072
:101AF0003C1A0020801A0020241400208C1A002098
:101B0000901A0020701A0020741A00207C1A0020FD
:101B1000941A00200044004024440040241A00206D
:101B20004C1700200048004024480040541A002070
:101B3000281A00202C1A0020CC1700202416002080
:101B4000B8160020201900206C190020B8190020B8
:101B5000CC180020005400406C1A00200000002027
:101B6000441A00204C1A00200004025800100258A9
:101B700000040040481A002000080040301A0020ED
:101B8000681A0020000C02582C040058184802580B
:101B9000E0440258E84402586C21C00072B6FEE7E7
:101BA00010B5032004F085FB00F07CF90400DFF899
:101BB0005000DFF850100268C2F303228A5C12F072
:101BC0001F02D440006810F00F00085C10F01F00E6
:101BD0002100C140DFF830000160DFF83000046010
:101BE0000F2004F0EBFB002801D0012002E004F0FC
:101BF00011FC002010BDDFF818000068000C7047D1
:101C000018440258FC8F0008140000201000002027
:101C10000010005C2DE9F04104000D00002C01D102
:101C200001203DE1DFF81075386810F00F00A84280
:101C30000BD238680009000128433860386810F07A
:101C40000F00A84201D001202AE1207840070DD5DD
:101C5000DFF80015086810F070002269904205D284
:101C60000A6832F07002206902430A602078000797
:101C70000DD5DFF8E414086810F070006269904236
:101C800005D20A6832F07002606902430A60207867
:101C9000C0060DD5DFF8C014086810F4E060A26932
:101CA000904205D20A6832F4E062A06902430A60F9
:101CB000207880060DD5DFF8A414086810F07000B5
:101CC000E269904205D20A6832F07002E06902438C
:101CD0000A60207880070DD5DFF87814086810F0C6
:101CE0000F00E268904205D20A6812091201E0680A
:101CF00002430A602078C0074AD5DFF858140A6802
:101D000032F47062A06802430A606068022806D15B
:101D1000DFF82804006880031CD40120C0E060685C
:101D2000032806D1DFF814040068800112D40120D2
:101D3000B6E06068012806D1DFF800040068C0053D
:101D400008D40120ACE0DFF8F4030068400701D4B8
:101D50000120A5E0DFF8E883D8F80010C908C90021
:101D600060680143C8F8001004F064FB0600D8F86E
:101D7000000010F038006168B0EBC10F08D004F02B
:101D800059FB801B41F289318842F0D3032087E060
:101D9000207880070DD5DFF8BC13E0680A6812F0E0
:101DA0000F02904205D20A6812091201E06802434C
:101DB0000A60386810F00F0085420BD238680009BD
:101DC000000128433860386810F00F00A84201D0A5
:101DD000012065E0207840070DD5DFF878132069F1
:101DE0000A6812F07002904205D20A6832F070025E
:101DF000206902430A60207800070DD5DFF85813E8
:101E000060690A6812F07002904205D20A6832F0E6
:101E10007002606902430A602078C0060DD5DFF8C1
:101E20003813A0690A6812F4E062904205D20A6889
:101E300032F4E062A06902430A60207880060DD582
:101E4000DFF81813E0690A6812F07002904205D2B8
:101E50000A6832F07002E06902430A6000F022F87A
:101E60000700DFF80C13DFF8EC020268C2F303226C
:101E70008A5C12F01F02D740006810F00F00085C67
:101E800010F01F003900C140DFF8C0020160DFF828
:101E9000B8020760DFF8B802006804F08FFAC0B239
:101EA000BDE8F08110B4DFF89802006810F0380047
:101EB000002806D0082813D0102814D0182815D0D0
:101EC000F9E0DFF878422068800606D5DFF8740272
:101ED0002468C4F3C104E04001E0DFF86802EBE0ED
:101EE000DFF89002E8E0DFF89002E5E0DFF870024A
:101EF000046814F0030422000068C0F30510010018
:101F0000DFF86002006810F001000300DFF85C02F7
:101F10000068C0F3CC0000FB03F002EE100AB8EE3C
:101F2000422AB0EE421A002900F0C380002A03D0F2
:101F3000022A6FD04FD38CE0DFF800020468A406B9
:101F400029D5DFF800420068C0F3C100C44002EEAA
:101F5000104AF0EE420AB8EE602A02EE901AF8EE4D
:101F6000622A82EE222ADFF800020068C005C00D56
:101F700002EE900AF8EE622A9FED6B3A81EE033A88
:101F800072EE832AB7EE003A72EE832A22EE222AFC
:101F9000F0EE421A1EE002EE101AB8EE422ADFED11
:101FA000632A82EE822ADFF8C0010068C005C00DF6
:101FB00002EE900AF8EE622A9FED5B3A81EE033A58
:101FC00072EE832AB7EE003A72EE832A22EE222ABC
:101FD000F0EE421A5BE002EE101AB8EE422ADFED94
:101FE000542A82EE822A60480068C005C00D02EEC5
:101FF000900AF8EE622A9FED4C3A81EE033A72EEB7
:10200000832AB7EE003A72EE832A22EE222AF0EEFD
:10201000421A3CE002EE101AB8EE422ADFED452AE1
:1020200082EE822A50480068C005C00D02EE900A78
:10203000F8EE622A9FED3C3A81EE033A72EE832A73
:10204000B7EE003A72EE832A22EE222AF0EE421A0E
:102050001DE002EE101AB8EE422ADFED352A82EEBC
:10206000822A41480068C005C00D02EE900AF8EED1
:10207000622A9FED2D3A81EE033A72EE832AB7EE83
:10208000003A72EE832A22EE222AF0EE421A3648F5
:102090000068C0F34620401C02EE100AB0EE420A6F
:1020A000B8EE402A81EE822ABCEEC22A12EE100A55
:1020B00000E0002000E02F4810BC704780B5FFF71B
:1020C000F1FE010023482A4A0368C3F30323D35CCB
:1020D00013F01F03D9401D4B006810F00F00105C77
:1020E00010F01F000A00C2401A601748016018680B
:1020F00002BD80B5FFF7E2FF1D49174A1268C2F31F
:102100000212895C11F01F01C84002BD80B5FFF7C3
:10211000D5FF1749104A1268C2F30222895C11F0F8
:102120001F01C84002BD0000000000460024744C9E
:102130000024744A20BCBE4B0020005200440258C8
:10214000104402580090D00310000020140000201A
:102150000C000020184402581C4402582044025825
:10216000284402582C44025830440258344402583F
:10217000FC8F000800093D0040787D0110B5040087
:10218000002C01D1012037E0A0690028FFD1D4F84C
:102190008800002805D1002084F88400200004F085
:1021A0004FF92420C4F888002068006840084000E7
:1021B00021680860200000F0F1FA012801D1012017
:1021C0001AE0A06A002802D0200000F0CBFD2068B1
:1021D000406830F49040216848602068806830F0A2
:1021E0002A00216888602068006850F0010021689A
:1021F0000860200000F023FE10BD30B40300D3F8C7
:102200008800202850D1002903D0100080B2002877
:1022100001D1012049E01965A3F85420A3F8562004
:10222000002098670020C3F890002120C3F88800A0
:10223000586EB0F1005F1CD19868B0F5805F06D190
:102240001869002803D1DFF8C400986702E0DFF8BE
:10225000C00098671868083050E8000F50F400007C
:102260000400186810F1080545E800400028F1D185
:1022700018E09868B0F5805F06D11869002803D18E
:10228000DFF89000986702E0DFF88C009867186824
:1022900050E8000F50F0800004001D6845E8004041
:1022A0000028F4D1002000E0022030BC704770B557
:1022B00005000C001600D5F88C00202824D1002C35
:1022C00003D0300080B2002801D101201DE00020A1
:1022D000E8662868DFF8441088420ED02868406815
:1022E00000020AD5286850E8000F50F08060010015
:1022F0002A6842E800100028F4D1320092B221008E
:10230000280000F052FE00E0022070BDFD320008FF
:102310007F3200081B320008C3310008000C00584F
:102320002DE9F04706003068C7693068D0F80080B2
:102330003068D0F8089040F60F043C40002C0ED1D5
:10234000B8060CD55FEA886002D45FEAC90006D5FA
:10235000706F002802D03000716F884713E2002CA4
:1023600000F0B280DFF8280419EA000F05D1DFF889
:10237000241418EA010F00F0A78017F00101C9B278
:1023800000290BD05FEAC85108D5012132681162DB
:10239000D6F8901051F00101C6F89010B9070DD58C
:1023A00019F00101C9B2002908D002213268116276
:1023B000D6F8901051F00401C6F8901079070DD5A9
:1023C00019F00101C9B2002908D004213268116254
:1023D000D6F8901051F00201C6F8901039070ED5CA
:1023E0005FEA886102D419EA000F08D0082031683A
:1023F0000862D6F8900050F00800C6F89000380542
:102400000CD55FEA481009D54FF4006031680862C6
:10241000D6F8900050F02000C6F89000D6F8900052
:10242000002850D0B8060BD55FEA886002D45FEA76
:10243000C90005D5706F002802D03000716F884741
:10244000D6F89000050030688068400602D415F088
:10245000280F32D0300000F055FE3068806840060A
:1024600027D53068083050E8000F30F040000100F8
:10247000306810F1080242E800100028F1D1D6F8C7
:102480008000002811D0DFF81003D6F8801008650E
:10249000D6F8800004F03CFA002814D0D6F880006A
:1024A000D6F88010096D88470DE0300004F02DFC4F
:1024B00009E0300004F029FC05E0300004F025FCC0
:1024C0000020C6F890005EE1F06E012840F0248103
:1024D000F80640F121815FEAC86040F11D811020BB
:1024E0003168086230688068400640F1D480D6F8D0
:1024F00080000068DFF82818884268D0D6F880008D
:102500000068DFF82018884261D0D6F880000068A3
:10251000DFF8141888425AD0D6F880000068DFF837
:102520000C18884253D0D6F880000068DFF80018F5
:1025300088424CD0D6F880000068DFF8F81788424F
:1025400045D0D6F880000068DFF8EC1788423ED00E
:10255000D6F880000068DFF8E417884237D0D6F854
:1025600080000068DFF8D817884230D0D6F88000A5
:102570000068DFF8D017884229D0D6F880000068BC
:10258000DFF8C417884222D0D6F880000068DFF850
:10259000BC1788421BD0D6F880000068DFF8B0175F
:1025A000884214D0D6F880000068DFF8A817884267
:1025B0000DD0D6F880000068DFF89C17884206D05E
:1025C000D6F880000068DFF89417884205D1D6F865
:1025D00080000068D0F804A004E0D6F8800000680D
:1025E000D0F804A0504680B2002853D05046B6F828
:1025F0005C1080B288424DD2A6F85EA0D6F880006A
:10260000C069B0F5807F3AD0306850E8000F30F4F0
:1026100080700100326842E800100028F4D1306870
:10262000083050E8000F400840000100306810F109
:10263000080242E800100028F1D13068083050E864
:10264000000F30F040000100306810F1080242E84D
:1026500000100028F1D12020C6F88C000020F06680
:10266000306850E8000F30F010000100326842E896
:1026700000100028F4D1D6F8800003F0E3FE022019
:102680003067B6F85C10B6F85E00091A89B23000FF
:1026900004F03CFB77E0B6F85C00B6F85EA0B0EB67
:1026A0000A0AB6F85E00002835D0504680B20028ED
:1026B00031D0306850E8000F30F49070010032687B
:1026C00042E800100028F4D13068083050E8002FAC
:1026D0002E4802401100306810F1080242E8001054
:1026E0000028F1D12020C6F88C000020F0660020E0
:1026F0007067306850E8000F30F010000100326859
:1027000042E800100028F4D102203067514689B217
:10271000300004F0FBFA36E0F8020AD55FEA4920FF
:1027200007D55FF4801031680862300004F0EFFADA
:1027300029E038060CD55FEA086002D45FEA092078
:1027400006D5B06F002802D03000B16F88471AE07C
:10275000780606D55FEA486003D5300000F010FE29
:1027600011E0380206D55FEA480003D5300004F0D6
:10277000CFFA08E0F80106D5B8F1000F03D5300014
:1027800004F0C7FAFFE7BDE8F0870000FEFFFFEFA7
:102790000100001020010004A93100082DE9F84FC4
:1027A00086B004000026DFF8B81520688842FFD004
:1027B000A2682069024360690243E069024320681D
:1027C0000368DFF8A409034013432068036020680E
:1027D000436833F44053E068034320684360D4F80F
:1027E00018802068884202D0206A50EA08082068D1
:1027F0008268DFF87809024058EA020220688260A5
:102800002068C26A12091201606A02432068C2622B
:102810002068DFF85C2990421FD1DFF85809006872
:1028200010F0380000280AD008280AD010280AD052
:1028300018280AD020280AD028280AD00BE001271F
:1028400024E1042722E1082720E110271EE12027A8
:102850001CE140271AE1802718E12068DFF81829D9
:1028600090421DD1DFF80C09006810F00700002825
:1028700008D002280AD007D304280BD008D3052893
:102880000AD00BE0002701E10427FFE00827FDE064
:102890001027FBE02027F9E04027F7E08027F5E04C
:1028A0002068DFF8D82890421DD1DFF8C8080068FA
:1028B00010F00700002808D002280AD007D3042807
:1028C0000BD008D305280AD00BE00027DEE0042750
:1028D000DCE00827DAE01027D8E02027D6E0402700
:1028E000D4E08027D2E02068DFF8942890421DD100
:1028F000DFF88008006810F00700002808D00228E0
:102900000AD007D304280BD008D305280AD00BE03F
:102910000027BBE00427B9E00827B7E01027B5E09F
:102920002027B3E04027B1E08027AFE02068DFF840
:10293000542890421DD1DFF83C08006810F00700D1
:10294000002808D002280AD007D304280BD008D3C7
:1029500005280AD00BE0002798E0042796E0082716
:1029600094E0102792E0202790E040278EE0802717
:102970008CE02068DFF8102890421FD1DFF8F407C0
:10298000006810F0380000280AD008280AD0102863
:102990000AD018280AD020280AD028280AD00BE00C
:1029A000012773E0042771E008276FE010276DE02E
:1029B00020276BE0402769E0802767E02068DFF888
:1029C000CC2790421DD1DFF8AC07006810F007005B
:1029D000002808D002280AD007D304280BD008D337
:1029E00005280AD00BE0002750E004274EE0082716
:1029F0004CE010274AE0202748E0402746E08027A7
:102A000044E02068DFF8882790421DD1DFF8640792
:102A1000006810F00700002808D002280AD007D369
:102A200004280BD008D305280AD00BE000272DE09E
:102A300004272BE0082729E0102727E0202725E09E
:102A4000402723E0802721E0206888421DD1DFF85D
:102A50004407006810F00700002808D002280AD0B8
:102A600007D304280BD008D305280AD00BE002278F
:102A70000CE004270AE0082708E0102706E02027DA
:102A800004E0402702E0802700E080272068884299
:102A90006FD13800C0B202280AD004280CD0082810
:102AA00010D0102814D0202822D0402823D025E090
:102AB00004F030F9814625E003A804F03BF9DDF885
:102AC00010901FE0684604F04DFADDF8049019E01C
:102AD000DFF8C4060168890607D5DFF8C0960068EC
:102AE000C0F3C10039FA00F901E0DFF8B09609E05F
:102AF000DFF8AC9606E04FF4004903E05FF0000910
:102B000001200600B9F1000F00F0FA80DFF89416FA
:102B1000606A31F81000B9FBF0F082466268032069
:102B20004243924505D362684FF480504243524578
:102B300002D201200600E3E0606A31F81000B9FB20
:102B4000F0F24FF48073606840080021E3FB02015B
:102B50006268002304F02EFB0500B5F5407F05D325
:102B6000B5F5801F02D22068C560C9E001200600CB
:102B7000C6E0E069B0F5004F66D13800C0B2002869
:102B80000CD001280ED0042810D0082814D010280A
:102B900018D0202826D0402827D029E0FFF7A9FA0E
:102BA000814629E0FFF7B2FA814625E003A804F048
:102BB000C1F8DDF810901FE0684604F0D3F9DDF8A5
:102BC000049019E0DFF8D0050168890607D5DFF821
:102BD000CC950068C0F3C10039FA00F901E0DFF8D4
:102BE000BC9509E0DFF8B89506E04FF4004903E032
:102BF0005FF0000901200600B9F1000F00F08080AD
:102C0000DFF8A005616A30F81100B9FBF0F06168E7
:102C1000490811EB40016068B1FBF0F00500102D90
:102C20000FD3B5F5803F0CD24FF6F0712940280044
:102C3000C0F3420001438B46584680B22168C86009
:102C40005EE0012006005BE03800C0B200280CD036
:102C500001280ED0042810D0082814D0102818D02D
:102C6000202826D0402827D029E0FFF742FA8146C5
:102C700029E0FFF74BFA814625E003A804F05AF853
:102C8000DDF810901FE0684604F06CF9DDF8049060
:102C900019E0DFF804050168890607D5DFF8FC9420
:102CA0000068C0F3C10039FA00F901E0DFF8EC94E4
:102CB00009E0DFF8EC9406E04FF4004903E05FF030
:102CC000000901200600B9F1000F19D0DFF8D40483
:102CD000616A30F81100B9FBF0F0616810EB510047
:102CE0006168B0FBF1F00500102D07D3B5F5803F0A
:102CF00004D2280080B22168C86001E001200600EB
:102D00000120A4F86A000120A4F868000020606790
:102D10000020A0673000C0B207B0BDE8F08F00000F
:102D200010000240280002404000024058000240CB
:102D30007000024088000240A0000240B80002403B
:102D4000100402402804024040040240580402409B
:102D50007004024088040240A0040240B80402400B
:102D6000000C005890F82810C90707D501684A6878
:102D700032F40032C16A0A4301684A6090F82810B0
:102D8000890707D501684A6832F48032016B0A432B
:102D900001684A6090F82810490707D501684A6819
:102DA00032F48022416B0A4301684A6090F828108F
:102DB000090707D501684A6832F40042816B0A436B
:102DC00001684A6090F82810C90607D501688A682A
:102DD00032F48052C16B0A4301688A6090F828106F
:102DE000890607D501688A6832F40052016C0A43EB
:102DF00001688A6090F82810490613D501684A686E
:102E000032F48012416C0A4301684A60416CB1F5AA
:102E1000801F07D101684A6832F4C002816C0A43FE
:102E200001684A6090F82810090607D501684A68C9
:102E300032F40022C16C0A4301684A60704738B519
:102E400004000020C4F8900003F0F4FA05002068A4
:102E5000006800071ED57FF07E4000902B00002206
:102E60005FF40011200000F055F8002812D020680F
:102E700050E8000F30F080000100226842E80010A6
:102E80000028F4D12020C4F88800002084F88400B1
:102E900003203EE02068006840072CD57FF07E408C
:102EA00000902B0000225FF48001200000F032F837
:102EB000002820D0206850E8000F30F49070010006
:102EC000226842E800100028F4D12068083050E859
:102ED000000F400840000100206810F1080242E89D
:102EE00000100028F1D12020C4F88C00002084F8C4
:102EF000840003200DE02020C4F888002020C4F8BE
:102F00008C000020E06600202067002084F8840008
:102F1000002032BD2DE9F04105000E0090461F0053
:102F2000069C2868C0693040B04201D1012000E011
:102F300000204146C9B2884234D114F1010FF0D0CB
:102F400003F078FAC01B844201D3002C01D1032086
:102F500029E0286800684007E3D52868C0690007B1
:102F60000DD5082029680862280000F0CBF8082059
:102F7000C5F89000002085F88400012013E028683F
:102F8000C0690005CDD54FF40060296808622800AB
:102F900000F0B8F82020C5F89000002085F88400E3
:102FA000032000E00020BDE8F08130B40300996503
:102FB000A3F85C20A3F85E20002058679868B0F55D
:102FC000805F0BD11869002804D140F2FF10A3F8EC
:102FD000600023E0FF20A3F860001FE0986800284D
:102FE0000AD11869002803D1FF20A3F8600015E07A
:102FF0007F20A3F8600011E09868B0F1805F0AD1EB
:103000001869002803D17F20A3F8600006E03F2064
:10301000A3F8600002E00020A3F860000020C3F8DD
:1030200090002220C3F88C001868083050E8000F88
:1030300050F001000400186810F1080545E8004050
:103040000028F1D1586EB0F1005F30D11000B3F814
:10305000684080B2A0422AD39868B0F5805F06D15C
:103060001869002803D10FF21D70586702E00FF2B3
:1030700021505867186900280AD0186850E8000FD6
:1030800050F4807004001D6845E800400028F4D129
:103090001868083050E8000F50F08050040018689D
:1030A00010F1080545E800400028F1D127E09868B4
:1030B000B0F5805F06D11869002803D10FF2E13026
:1030C000586702E00FF2E9205867186900280BD012
:1030D000186850E8000F50F4907004001D6845E82F
:1030E00000400028F4D10AE0186850E8000F50F0C2
:1030F000200004001D6845E800400028F4D10020AD
:1031000030BC7047016851E8001F31F490710A002B
:10311000036843E800210029F4D10168083151E82F
:10312000003FDFF858180B401A00016811F108033E
:1031300043E800210029F0D1C16E01290AD10168BC
:1031400051E8001F31F010010A00036843E8002134
:103150000029F4D12021C0F88C100021C166002183
:103160004167704700000000F369FFCFFFF4FF11D3
:103170000010014054440258004400400048004000
:10318000004C004000500040001401400078004016
:10319000007C004058440258004402580090D0037C
:1031A00000093D00A48F000838B50400A56B00207D
:1031B000A5F85E000020A5F85600280003F0A5FD44
:1031C00031BDD0F88810212926D1B0F85610002939
:1031D00016D1016851E8001F31F080010A00036830
:1031E00043E800210029F4D1016851E8001F51F0A3
:1031F00040010A00036843E800210029F4D10BE0F4
:10320000016D097802689162016D491C0165B0F891
:103210005610491EA0F85610704710B40100D1F89E
:103220008800212829D1B1F85600002816D1086855
:1032300050E8000F30F0800003000C6844E80030D4
:103240000028F4D1086850E8000F50F04000030057
:103250000C6844E800300028F4D10EE0086D02004C
:103260001088C005C00D0B689862086D801C086549
:10327000B1F85600401EA1F8560010BC704710B4BB
:103280000100D1F88800212836D1B1F86A00020087
:10329000100080B200282FD0B1F85600002819D1B4
:1032A0000868083050E8000F30F400000300086898
:1032B00010F1080444E800300028F1D1086850E813
:1032C000000F50F0400003000C6844E80030002874
:1032D000F4D111E00868C06900060BD5086D0078CC
:1032E0000B689862086D401C0865B1F85600401ED6
:1032F000A1F85600521ECBE710BC704730B4010055
:10330000D1F88800212839D1B1F86A0003001800EB
:1033100080B2002832D0B1F85600002819D10868D0
:10332000083050E8000F30F400000400086810F185
:10333000080545E800400028F1D1086850E8000F72
:1033400050F0400004000D6845E800400028F4D12A
:1033500014E00868C06900060ED5086D02001088E8
:10336000C005C00D0C68A062086D801C0865B1F82E
:103370005600401EA1F856005B1EC8E730BC7047DF
:1033800010B50400206850E8000F30F04000010044
:10339000226842E800100028F4D12020C4F88800F8
:1033A0000020A0672000FDF75FFF10BD00000000B7
:1033B00070B50500B5F86060D5F88C00222867D19B
:1033C0002868406A040016EA0400A96D0870A86D18
:1033D000401CA865B5F85E00401EA5F85E00B5F873
:1033E0005E0000285AD1286850E8000F30F4907031
:1033F00001002A6842E800100028F4D1286808304B
:1034000050E8000F400840000100286810F1080251
:1034100042E800100028F1D12020C5F88C000020DF
:103420006867002028672868DFF8541588420ED0A6
:103430002868406800020AD5286850E8000F30F07C
:10344000806001002A6842E800100028F4D1E86E8C
:10345000012819D10020E866286850E8000F30F0F4
:10346000100001002A6842E800100028F4D1286802
:10347000C069C00602D5102029680862B5F85C1042
:10348000280003F043FC09E02800FDF797FE05E063
:103490002868806950F008002968886170BD0000C4
:1034A000F8B50500B5F86070D5F88C00222868D111
:1034B0002868406A0400A86D060017EA04003080FE
:1034C000A86D801CA865B5F85E00401EA5F85E00DA
:1034D000B5F85E0000285AD1286850E8000F30F493
:1034E000907001002A6842E800100028F4D1286892
:1034F000083050E8000F400840000100286810F133
:10350000080242E800100028F1D12020C5F88C0004
:1035100000206867002028672868DFF86414884264
:103520000ED02868406800020AD5286850E8000FCD
:1035300030F0806001002A6842E800100028F4D1D1
:10354000E86E012819D10020E866286850E8000FCD
:1035500030F0100001002A6842E800100028F4D181
:103560002868C069C00602D5102029680862B5F82D
:103570005C10280003F0CAFB09E02800FDF71EFEDE
:1035800005E02868806950F0080029688861F1BD6D
:103590002DE9F84F0700B7F860803868D0F81C9024
:1035A0003868D0F800A03868D0F808B0D7F88C0098
:1035B000222840F0DF80B7F868000500280080B2BC
:1035C000002800F0AE805FEA896040F1AA80386888
:1035D000406A040018EA0400B96D0870B86D401C18
:1035E000B865B7F85E00401EA7F85E003868C0698D
:1035F000814619F0070F3CD019F00100C0B2002835
:103600000BD05FEACA5008D5012039680862D7F8A4
:10361000900050F00100C7F890005FEA89700DD566
:103620001BF00100C0B2002808D0022039680862EF
:10363000D7F8900050F00400C7F890005FEA497096
:103640000DD51BF00100C0B2002808D00420396855
:103650000862D7F8900050F00200C7F89000D7F841
:103660009000002805D0380003F04FFB0020C7F879
:103670009000B7F85E000028A0D1386850E8000F2D
:1036800030F4807001003A6842E800100028F4D15C
:103690003868083050E8002FB848024011003868F8
:1036A00010F1080242E800100028F1D12020C7F8EC
:1036B0008C0000207867002038673868B04988425D
:1036C0000ED03868406800020AD5386850E8000F0C
:1036D00030F0806001003A6842E800100028F4D120
:1036E000F86E012819D10020F866386850E8000FFC
:1036F00030F0100001003A6842E800100028F4D1D0
:103700003868C069C00602D5102039680862B7F869
:103710005C10380003F0FAFA50E73800FDF74EFD70
:103720004CE7B7F85E000600300080B2002827D0D2
:103730003000B7F8681080B2884221D2386808306B
:1037400050E8000F30F080500100386810F1080296
:1037500042E800100028F1D18A487867386850E8BC
:10376000000F50F0200001003A6842E800100028E5
:10377000F4D105E03868806950F008003968886144
:10378000BDE8F18F2DE9F84F0600B6F8608030688B
:10379000D0F81C903068D0F800A03068D0F808B09D
:1037A000D6F88C00222840F0E180B6F86800ADF829
:1037B0000000BDF80000002800F0AF805FEA8960DB
:1037C00040F1AB803068406A0400B06D070018EA31
:1037D00004003880B06D801CB065B6F85E00401EF5
:1037E000A6F85E003068C069814619F0070F3CD02A
:1037F00019F00100C0B200280BD05FEACA5008D50A
:10380000012031680862D6F8900050F00100C6F837
:1038100090005FEA89700DD51BF00100C0B200284E
:1038200008D0022031680862D6F8900050F00400F9
:10383000C6F890005FEA49700DD51BF00100C0B2D8
:10384000002808D0042031680862D6F8900050F0B3
:103850000200C6F89000D6F89000002805D030008D
:1038600003F053FA0020C6F89000B6F85E00002876
:103870009FD1306850E8000F30F48070010032684A
:1038800042E800100028F4D13068083050E8002FDA
:103890003A4802401100306810F1080242E8001076
:1038A0000028F1D12020C6F88C000020706700208D
:1038B00030673068324988420ED030684068000274
:1038C0000AD5306850E8000F30F08060010032689F
:1038D00042E800100028F4D1F06E012819D1002030
:1038E000F066306850E8000F30F0100001003268D8
:1038F00042E800100028F4D13068C069C00602D543
:10390000102031680862B6F85C10300003F0FEF950
:103910004FE73000FDF752FC4BE7B6F85E000500BC
:10392000280080B2002827D02800B6F8681080B29E
:10393000884221D23068083050E8000F30F08050C3
:103940000100306810F1080242E800100028F1D1AF
:103950000D487067306850E8000F50F020000100FB
:10396000326842E800100028F4D105E03068806930
:1039700050F0080031688861BDE8F18FFEFFFFEF6D
:10398000000C0058B1330008A134000800F1010315
:10399000810704D010F8011B820781B1FAD10268B7
:1039A000A2F10131914311F0803104BF50F8042F8E
:1039B000F6E709BAB1FA81F100EBD100401CC01A58
:1039C00070470268531C0360117070470CB430B527
:1039D00083B00A4606A90291044600250194009589
:1039E00002AB01A9084878441E3003F0FBFC019AA1
:1039F000157000284EBF04460198041B204603B0F2
:103A000030BC5DF80CFB00BFBBFFFFFF5FEA000CA2
:103A100011F8012B00F8012B12B111F8012BF9E775
:103A200060467047F8B503000025DFF87862086843
:103A3000E840002800F00C810127D1F800C017FAF7
:103A400005F010EA0C0C6246002A00F0FF800879AD
:103A500010F00300012804D0087910F003000228B8
:103A60001FD1D3F808C05FF0030E2800C0B2400099
:103A70001EFA00FE3CEA0E0CD1F80CE02800C0B2A1
:103A800040001EFA00FE5EEA0C0CC3F808C058683D
:103A9000AF40B8434F68C7F30017AF403843040046
:103AA0005C60087910F00300032814D0DF685FF031
:103AB000030C2800C0B240001CFA00FC37EA0C07D7
:103AC000D1F808C02800C0B240001CFA00FC5CEA33
:103AD00007073C00DC60087910F0030002281ED1C3
:103AE0002800C00803EB8000076A5FF00F0C15F098
:103AF0000700C0B280001CFA00FC37EA0C07D1F8BE
:103B000010C015F00700C0B280001CFA00FC5CEA8F
:103B100007073C002800C00803EB800004621F6810
:103B20005FF0030C2800C0B240001CFA00FC37EA2A
:103B30000C0791F804C01CF0030C2800C0B2400030
:103B40001CFA00FC5CEA07073C001C60486810F4A3
:103B5000403F7BD0DFF85001076857F0020707604D
:103B6000006810F0020000900098DFF840C12800C3
:103B700080085CF820705FF00F0E15F00300C0B2F3
:103B800080001EFA00FE37EA0E07DFF824018342A8
:103B900001D100242DE04748834201D1012428E0CF
:103BA0004548834201D1022423E04448834201D1A5
:103BB00003241EE04248834201D1042419E0414815
:103BC000834201D1052414E03F48834201D10624F9
:103BD0000FE03E48834201D107240AE03C4883427B
:103BE00001D1082405E03B48834201D1092400E0CB
:103BF0000A2415F00300C0B2800084402743280047
:103C000080084CF820705FF0B04420689043D1F8F1
:103C100004C05FEACC2C00D5104320602E4F3C68D6
:103C20009443D1F804C05FEA8C2C00D514433C6067
:103C3000706890434F68BF0300D5104370603468CC
:103C400094434F68FF0300D5144334606D1CEEE6C7
:103C5000F1BD020010690B009BB2184201D0012097
:103C600000E00020C0B270471300DBB2002B03D08D
:103C70000B009BB2836103E00B009BB21B048361CA
:103C8000704710B5040015480168220092B2114235
:103C900006D0210089B20160200080B2FDF785FCCA
:103CA00010BD000080000058F44402580804005879
:103CB000000002580004025800080258000C025884
:103CC000001002580014025800180258001C025834
:103CD00000200258002402580400005888000058B0
:103CE00001B58B071AD1830724D1121F21D351F8B4
:103CF000043BA3F1013C2CEA030C1CF0803C04BF04
:103D000040F8043BF1E79CFA8CFCBCFA8CF1C1F161
:103D100018018B40CB4040F8043B13E0042A09D340
:103D200011F8013B521E00F8013B5BB18B07F7D144
:103D3000D9E7121D5AB111F8013B521E00F8013BA0
:103D400003B1F8D111001CBF002201F061FE01BDDA
:103D50002DE9F84F84B00E4617460BB100221A60C9
:103D60000446A04601E008F1010898F8000004F0BC
:103D7000D0FA0028F7D198F800002D2816BF2B287C
:103D800018F8015B2B25002F019603D4012F01D0D9
:103D9000252F03DB002E55D0346053E0002F0CDDBF
:103DA000102F04BF98F80000302802BF98F80100D7
:103DB00040F02000782811D10CE098F8000030285D
:103DC00018BF0A270AD198F8010040F0200078288F
:103DD00003D1102708F1020800E00827CDF80C8075
:103DE00001E008F1010898F800003028F9D0064EEB
:103DF0007E4414364FF0000906F12800CDF8088003
:103E0000CA468DF800000BE0045000009DF8001039
:103E1000401ACA465FFA80FB07FB09B908F101089E
:103E200098F8000004F07FFA01463A4606F12800AF
:103E300004F084FA0028E9D10399414504D101989E
:103E400000B10460002020E00299F05DA8EB0101C0
:103E5000081A002810D406DCB9EB0B0103D3B1FB20
:103E6000F7F0504508D0AFF30080049808B1012165
:103E700001604FF0FF3903E02D2D08BFC9F10009A3
:103E8000019808B1C0F80080484605B0BDE8F08F41
:103E9000FFE700230A2200215AE7000038B52DED84
:103EA000028B040082B00D4600F0BB8051EC100B79
:103EB00020F0000231F0004308BF002A00F0B1807A
:103EC00048004015401C02D1090300F0AA80002CD4
:103ED000B7EE008B48D564425449794401F5A77187
:103EE000082008E0E20744BF91ED001B28EE018B9B
:103EF00064080831401E002C18BF0028F2D1684623
:103F000004F048FA009880EE080B04F091FA51ECA6
:103F1000100B20F0000231F0004308BF002A6AD0E5
:103F200048004015401C01D1090364D0002C62D028
:103F3000684604F02FFA00989FED782B20EE020BD4
:103F400004F076FA51EC100B20F0000231F000433F
:103F500008BF002A4FD048004015401C01D109037A
:103F600049D0641EE4D146E045DD30497944BC3196
:103F70000820E20744BF91ED001B28EE018B64107E
:103F80000831401E002C01DD0028F2D1684604F003
:103F900001FA009820EE080B04F04AFA51EC100BDD
:103FA00020F0000231F0004308BF002A23D048006F
:103FB0004015401C01D109031DD0002C1BDD6846B3
:103FC00004F0E8F900989FED572B20EE020B04F067
:103FD0002FFA51EC100B20F0000231F0004308BF23
:103FE000002A08D048004015401C01D1090302D026
:103FF000641E002CE3DC51EC100B20F0000231F0C9
:10400000004308BF002A05D048004015401C08D1D5
:10401000090306D1AFF300801DB1286840F001000C
:10402000286002B0BDEC028B31BD00BF3C4E0000E9
:104030002DE9F14185B0884616461D001CBF0020C1
:104040002860059F05A804F06BFAC41020F0080052
:10405000012804F0010425D10220009001AB05994C
:104060004246384604F0EEFA10B99FED300B15E0E9
:104070009DED020A0228B8EEC00B0FDB03A9401E1B
:104080009FED2C1B51F8042BB0EE402B00EE102AB4
:10409000B8EEC00B401E02EE010BF3D10198294689
:1040A000801927E0022828D1009001AB05994246EB
:1040B000384604F0A3FB10B99FED1C0B15E09DEDF5
:1040C000020A0228B8EEC00B0FDB03A9401E9FEDC9
:1040D0001B1B51F8042BB0EE402B00EE102AB8EE5B
:1040E000C00B401E02EE010BF3D1019804F0A0F9C1
:1040F00029463046FFF7D2FE0AE0032808BF9FEDAD
:10410000110B05D004280CBF9FED100B9FED070B82
:104110000CB1B1EE400B06B0BDE8F081436FAC646A
:104120002806C80A3CBF737FDD4F157500000000EC
:10413000000000000000000065CDCD41000000003F
:104140000000B041000000000000F07FFFFFFFFF13
:10415000FFFFFF7F00230022002169E79FED882BEE
:1041600020EE021B53EC112BF0B423F0004155EC70
:10417000114B0D4645EC124B9FED834BB4EE442B97
:10418000F1EE10FA2DED068B2BD5B6EE002B55EC8B
:10419000124B03F000432B4357EC126B1F4647ECC6
:1041A000126B31EE021BBDEEC11B11EE101A00297D
:1041B00000F08B80BAEEC21B9FED753B01EE030B46
:1041C0009FED755B01EE050B9FED757B01EE070B17
:1041D0009FED759B01EE090B9FED753B01EE030B07
:1041E00073E055EC104B69004915491C08D12A03AE
:1041F00040F0C180BDEC068B9FED6F0BF0BC7047AB
:1042000035F0004508BF002C08D1002800F0B3802D
:10421000BDEC068BB7EE000BF0BC7047B6EE002B82
:1042200055EC124B03F000432B4357EC126B1F4627
:1042300047EC126B31EE021B53EC112B5D0045EA8B
:10424000D2755400002D08BF002C19D040F2334124
:10425000A1EB5554352C04DB02F0000203F00043BF
:104260000CE0202C03DD203CE340A34000E001D122
:10427000002203E0002CC4BFE240A24043EC112B1B
:1042800053EC112B22F0000433F0004508BF002C42
:1042900017D09FED4B3B21EE032B9FED3D5B02EED4
:1042A000050B9FED3D7B02EE070B9FED3D9B02EE64
:1042B000090B9FED3DAB02EE0A0B9FED3D5B02EE5D
:1042C000050BBDEEC11B11EE101A53EC102B23F0A1
:1042D000004255EC104B154645EC114B9FED3A3B17
:1042E00001F00301B4EE431B0818F1EE10FA00F0E0
:1042F000010104D500293AD0B7EE000B37E020EEDB
:10430000001BD1B19FED322B9FED334B01EE024BE1
:104310009FED336B04EE016B9FED338B06EE018B4B
:104320009FED332B08EE012B9FED334B02EE014B3B
:10433000B7EE000B04EE010B19E09FED317B9FED12
:10434000324B01EE074B9FED328B04EE018B9FED5C
:1043500032AB08EE01AB9FED327B0AEE017B9FEDA5
:10436000324B20EE012B07EE014B02EE040B8007CF
:1043700048BFB1EE400BBDEC068BF0BC70470000AF
:1043800083C8C96D305FE43F0000A0FFFFFFDF413D
:1043900000000050FB21B9C100000060B41011C042
:1043A0000000002026A651BE000000005C14D3BC13
:1043B000000000209A833BBBFFFFFFFFFFFFFF7F52
:1043C000000000000000303E000000000000403E01
:1043D00009260A1039BA213E3BA861C6F97D92BE72
:1043E00063AC30909F01FA3EF6FB51166CC156BF8C
:1043F000B10255555555A53FAEFFFFFFFFFFDFBF8B
:10440000B08F2FC310D8E53D8F0C73A1E1E55ABEE4
:104410004DADE44FE31DC73E3EE3B519A0012ABFF1
:10442000FAF010111111813F425555555555C5BF30
:10443000012093E6002091E610B50400002C01D184
:1044400001205EE094F84100002805D1002084F8A6
:104450004000200004F0D6FA242084F841002068AF
:1044600000684008400021680860606830F07060B3
:10447000216808612068806830F400402168886005
:10448000E068012805D1A06850F4004021688860E8
:1044900004E0A06850F4044021688860E0680228C5
:1044A00003D14FF40060216848602068406840F004
:1044B000007050F40040216848602068C06830F403
:1044C00000402168C860216960690143A06951EA20
:1044D00000212068C160E169206A01432068016011
:1044E0002068006850F001002168086000206064C6
:1044F000202084F8410000202063002084F842003E
:10450000002010BD2DE9FC4104000D0016001F0025
:1045100094F8410020283FD120688069000401D52B
:1045200002203AE094F84000012801D1022034E052
:10453000012084F84000212084F84100102084F8F4
:1045400042000020606466626785DFF85800E06220
:10455000DFF854006063608DB0F5807F04D3FF20E6
:1045600020855FF0807803E0608D20855FF0007823
:10457000DFF82C0000904346228DD2B2290089B288
:10458000200000F0BBFF002084F840000121200043
:1045900000F0CDFF002000E00220BDE8F681000021
:1045A000002000800000FFFFCD45000870B504002A
:1045B0002068856920680668606B002804D0320096
:1045C00029002000636B984770BD00002DE9FC4175
:1045D00004000D001600A84694F84000012801D1FF
:1045E0000220B4E0012084F840005FEAC8600CD5E6
:1045F000F0060AD510202168C861606C50F00400F4
:104600006064200000F04FFF94E05FEA487011D52D
:1046100070070FD538F004082068406A616A087096
:10462000606A401C6062208D401E2085608D401EA7
:1046300060857FE05FEA88700FD5B0070DD5606AAE
:10464000007821688862606A401C6062208D401E8C
:104650002085608D401E60856CE05FEA086049D56A
:10466000700647D5608D002837D0208D002834D1C2
:10467000206840688005800D0700608DB0F5807F60
:104680000DD3FF202085002000905FF08073228DE5
:10469000D2B2390089B2200000F030FF4AE0608DCC
:1046A0002085E06ADFF80C1688420AD000200090CE
:1046B000E36A228DD2B2390089B2200000F01EFFD9
:1046C00038E0002000905FF00073228DD2B23900F4
:1046D00089B2200000F012FF2CE0206840688001C1
:1046E00003D4200000F056FB24E04021200000F01D
:1046F000F9FD1FE05FEA48601CD570061AD5608D91
:10470000002813D120684068800113D4E06ADFF8E4
:10471000A415884206D12068406850F48040216882
:10472000486007E0200000F035FB03E04021200056
:1047300000F0D8FD5FEA886005D5B00603D5414694
:10474000200000F094FB002084F840000020BDE829
:10475000F68100002DE9F04105000E001700EC6A1B
:10476000B04695F84000012801D1022092E00120D6
:1047700085F840005FEA886005D5B80603D5414654
:10478000280000F001FC5FEAC86037D5F80635D58F
:10479000688D002821D195F84100282807D1B4F16F
:1047A000007F04D14146280000F067FD6EE095F8D7
:1047B000410029280DD1DFF8FC04844209D01020E3
:1047C0002968C861280000F06EFE280000F00FFB89
:1047D0005CE010202968C86158E010202968C86191
:1047E000686C50F004006864002C02D0B4F1807F43
:1047F0004CD1696C280000F075FD47E05FEA487015
:104800001CD578071AD5688D00280CD02868406A16
:10481000696A0870686A401C6862288D401E288595
:10482000688D401E6885688D00282FD1DFF88404CC
:1048300084422BD0280000F0DAFA27E05FEA087003
:1048400006D5380704D54146280000F035FA1DE0AA
:104850005FEA88701AD5B80718D5688D00280DD082
:10486000686A007829688862686A401C6862688D96
:10487000401E6885288D401E288507E0B4F1807FA2
:1048800001D0002C02D1280000F0B1FA002085F8F8
:1048900040000020BDE8F0812DE9FC4104000D003E
:1048A000160094F84000012801D1022097E0012071
:1048B00084F84000E80610D5F0060ED510202168D7
:1048C000C861606C50F0040060642021200000F09A
:1048D0002EFE200000F0E7FD7DE0280653D570068F
:1048E00051D52068006830F0400021680860608D74
:1048F00000283BD0206840688005800D0700608D4F
:10490000B0F5807F05D3FF2020855FF08070804662
:104910000CE0608D2085E06ADFF89813884202D0B1
:10492000E06A804602E05FF0007080460020009060
:104930004346228DD2B2390089B2200000F0DEFD5C
:10494000618D208D091A618594F84100222806D1D5
:104950002068006850F40040216808603BE020684F
:10496000006850F480402168086034E020684068A6
:10497000800103D4200000F00DFA2CE0402120003B
:1049800000F0B0FC27E068061DD570061BD5608DD1
:10499000002813D12068406880011CD4E06ADFF849
:1049A0001413884206D12068406850F48040216882
:1049B000486010E0200000F0EDF90CE040212000FC
:1049C00000F090FC07E0A80605D5B00603D5290045
:1049D000200000F04CFA002084F840000020BDE8E0
:1049E000F68100002DE9F84306000F009046F46AB6
:1049F0005FF0000996F84000012801D1022056E13D
:104A0000012086F84000B80606D55FEA886003D525
:104A10003900300000F0B8FAF80640F13B815FEA57
:104A2000C86040F1378118F4404F00F02F81F06BDF
:104A300000286DD05FEA08406AD5F06B0068DFF8A7
:104A4000F019884259D0F06B0068DFF8E819884205
:104A500053D0F06B0068DFF8E01988424DD0F06B5E
:104A60000068DFF8D819884247D0F06B0068DFF89B
:104A7000D019884241D0F06B0068DFF8C81988422D
:104A80003BD0F06B0068DFF8C019884235D0F06B7E
:104A90000068DFF8B81988422FD0F06B0068DFF8A3
:104AA000B019884229D0F06B0068DFF8A819884255
:104AB00023D0F06B0068DFF8A01988421DD0F06B9E
:104AC0000068DFF89819884217D0F06B0068DFF8AB
:104AD0009019884211D0F06B0068DFF8881988427D
:104AE0000BD0F06B0068DFF88019884205D0F06BBE
:104AF0000068DFF87819884203D1F06B00684068DD
:104B000002E0F06B00684068002801D10120814676
:104B1000B06B00286DD05FEA48406AD5B06B006882
:104B2000DFF80C19884259D0B06B0068DFF804191F
:104B3000884253D0B06B0068DFF8FC1888424DD033
:104B4000B06B0068DFF8F418884247D0B06B00689B
:104B5000DFF8EC18884241D0B06B0068DFF8E41849
:104B600088423BD0B06B0068DFF8DC18884235D053
:104B7000B06B0068DFF8D41888422FD0B06B0068A3
:104B8000DFF8CC18884229D0B06B0068DFF8C41871
:104B9000884223D0B06B0068DFF8BC1888421DD073
:104BA000B06B0068DFF8B418884217D0B06B0068AB
:104BB000DFF8AC18884211D0B06B0068DFF8A41899
:104BC00088420BD0B06B0068DFF89C18884205D093
:104BD000B06B0068DFF89418884203D1B06B0068AE
:104BE000406802E0B06B00684068002801D10120F5
:104BF0008146B9F1010F20D196F84100282807D14C
:104C0000B4F1007F04D13900300000F036FB4AE0F7
:104C100096F8410029280CD12648844209D010205A
:104C20003168C861300000F03EFC300000F0DFF871
:104C300039E010203168C86135E010203168C86162
:104C4000706C50F00400706496F841000500002C70
:104C500002D0B4F1807F26D12800C0B2212803D031
:104C60002800C0B2292802D12120306309E02800A1
:104C7000C0B2222803D02800C0B22A2801D12220A5
:104C80003063716C300000F02DFB0CE010203168B7
:104C9000C86108E0380706D55FEA087003D5390017
:104CA000300000F009F8002086F840000020BDE840
:104CB000F28300000000FFFF2DE9F84304000D001F
:104CC00094F8410010F0280028285BD12068806902
:104CD000000C10F00100060020688069000C10F044
:104CE000FE000700206880688005800D80462068EF
:104CF000C06810F0FE008146E068022832D138001A
:104D000080B210F00600414689B2C90911F00601CF
:104D1000884216D14746A06C401CA064A06C0228B3
:104D200036D10020A06408202168C861002084F8E2
:104D300040003A0092B23100C9B2200003F063FE95
:104D400026E04F464FF40041200000F043FC0020D5
:104D500084F840003A0092B23100C9B2200003F05A
:104D600052FE15E04FF40041200000F033FC00201B
:104D700084F840003A0092B23100C9B2200003F03A
:104D800042FE05E008202168C861002084F8400048
:104D9000BDE8F18310B50400002084F8420094F8C7
:104DA0004100212811D1202084F8410011202063E6
:104DB000002060630121200000F00CFC002084F83A
:104DC00040002000FCF7C8FA10E0202084F84100E1
:104DD00012202063002060630221200000F0FAFB13
:104DE000002084F84000200003F00EFE10BD38B50E
:104DF000040020680568002084F84200680406D595
:104E00002068006830F480402168086007E02804CA
:104E100005D52068006830F400402168086094F8E7
:104E2000410029280FD1282084F841002120206347
:104E30000121200000F0CEFB002084F8400020007B
:104E400003F0E3FD12E094F841002A280ED1282057
:104E500084F84100222020630221200000F0BAFBE8
:104E6000002084F84000200003F0D0FD31BDF8B5EB
:104E700005000E00370020202968C86195F8410020
:104E8000212806D10121280000F0A4FB112028636D
:104E900009E095F84100222805D10221280000F000
:104EA00099FB1220286328684168DFF8200601403A
:104EB0002868416000206863DFF83C06E862F80675
:104EC00006D510202968C861686C50F00400686439
:104ED00095F84100602806D1780704D52868406A13
:104EE000C0B200900098280000F0DDFA6C6C95F8D4
:104EF0004100602801D0002C04D0696C280000F02B
:104F0000F1F940E095F8410021281CD1202085F8D6
:104F100041000020286395F84200402809D1002074
:104F200085F84200002085F84000280003F06FFD5E
:104F300029E0002085F84200002085F84000280084
:104F4000FCF70AFA1FE095F8410022281BD1202027
:104F500085F841000020286395F84200402809D1D7
:104F6000002085F84200002085F84000280003F06A
:104F70004FFD08E0002085F84200002085F8400041
:104F8000280003F041FDF1BD2DE9F84304000D00B8
:104F9000206806682F0094F8418020202168C861AD
:104FA0004046C0B2212803D04046C0B2292807D1CC
:104FB00048F20101200000F00DFB212020630EE0EB
:104FC0004046C0B2222803D04046C0B22A2806D1AB
:104FD00048F20201200000F0FDFA22202063206840
:104FE000406850F400402168486020684168DFF85C
:104FF000DC04014020684160200000F054FA700495
:1050000072D52068006830F4804021680860A06B89
:10501000002800F0CF80A06B0068DFF814148842ED
:1050200059D0A06B0068DFF80C14884253D0A06BF5
:105030000068DFF8041488424DD0A06B0068DFF8E8
:10504000FC13884247D0A06B0068DFF8F413884255
:1050500041D0A06B0068DFF8EC1388423BD0A06B16
:105060000068DFF8E413884235D0A06B0068DFF8F1
:10507000DC1388422FD0A06B0068DFF8D41388427D
:1050800029D0A06B0068DFF8CC13884223D0A06B36
:105090000068DFF8C41388421DD0A06B0068DFF8F9
:1050A000BC13884217D0A06B0068DFF8B4138842A5
:1050B00011D0A06B0068DFF8AC1388420BD0A06B56
:1050C0000068DFF8A413884205D0A06B0068DFF801
:1050D0009C13884203D1A06B0068406802E0A06B7B
:1050E00000684068608565E0300463D5206800682A
:1050F00030F4004021680860E06B00285AD0E06B73
:105100000068DFF82C1388424CD0E06B0068DFF8B1
:105110002413884246D0E06B0068DFF81C138842F5
:1051200040D0E06B0068C54988423BD0E06B006826
:10513000C349884236D0E06B0068C249884231D00A
:10514000E06B0068C04988422CD0E06B0068BF4922
:10515000884227D0E06B0068BD49884222D0E06BCE
:105160000068BC4988421DD0E06B0068BA4988429B
:1051700018D0E06B0068B949884213D0E06B006832
:10518000B74988420ED0E06B0068B649884209D022
:10519000E06B0068B449884204D0E06B0068B34912
:1051A000884203D1E06B0068406802E0E06B006871
:1051B00040686085780711D537F004072068406A99
:1051C000616A0870606A401C6062208D002805D00A
:1051D000208D401E2085608D401E6085608D0028DA
:1051E00003D0606C50F004006064002084F842003A
:1051F00000206063606C00280CD0616C200000F01F
:1052000071F894F84100282835D13900200000F0C9
:1052100034F830E0DFF8A893E06A484510D0200069
:10522000FFF7E5FDC4F82C90202084F84100002011
:105230002063002084F84000200003F0EAFB1AE01D
:1052400094F8410022280BD1202084F8410000204E
:105250002063002084F84000200003F0D7FB0AE020
:10526000202084F8410000202063002084F84000C2
:10527000200003F0CAFBBDE8F18338B504000D003F
:10528000DFF83C03E06200202063202084F8410026
:10529000002084F8420000206063680713D520686E
:1052A000406A616A0870606A401C6062208D002854
:1052B00009D0208D401E2085608D401E6085606C69
:1052C00050F00400606448F20301200000F082F90D
:1052D00010202168C861002084F84000200003F0FD
:1052E00098FB31BDF8B504000D0094F84160002032
:1052F00084F84200DFF80002E06200206085606C04
:10530000284360643000C0B2282807D03000C0B203
:10531000292803D03000C0B22A280AD10321200056
:1053200000F058F9282084F84100DFF89802606303
:1053300022E048F20301200000F04CF9200000F0C8
:10534000B2F894F84100602814D0202084F841007D
:105350002068806980060DD520688069C00606D562
:1053600010202168C861606C50F004006064202047
:105370002168C86100206063276BA06B002827D0DC
:10538000112F01D0212F23D120680068400405D5BA
:105390002068006830F4804021680860A06B01F04C
:1053A000B1FC012810D00FF22910A16B0865002074
:1053B00084F84000A06B01F0ABFA002836D0A06B57
:1053C000A16B096D884731E0200000F051F82DE015
:1053D000E06B002827D0122F01D0222F23D1206884
:1053E0000068000405D52068006830F4004021689A
:1053F0000860E06B01F086FC012810D00FF2D100AC
:10540000E16B0865002084F84000E06B01F080FA51
:1054100000280BD0E06BE16B096D884706E02000A7
:1054200000F026F802E0200000F022F8F1BD0000B4
:105430001000024028000240400002405800024094
:105440007000024088000240A0000240B800024004
:105450001004024028040240400402405804024064
:105460007004024088040240A0040240B8040240D4
:1054700010B5040094F8410060280BD1202084F876
:10548000410000202063002084F84000200003F049
:10549000C1FA07E000202063002084F840002000CB
:1054A00003F0B9FA10BD01688969890702D50021A6
:1054B0000268916201688969C90705D40168896930
:1054C00051F00101026891617047000000E800FEA0
:1054D00038B50400A56BA86B002802D00020A96B8A
:1054E0000865E86B002802D00020E96B08652800F9
:1054F000FFF7BEFF31BD00000000FFFFF0B4049CC9
:105500000D00ADB2AD05AD0D1600F6B255EA06457B
:105510001D43254325F00045066876682A4F57EA63
:105520005457BE432E4307687E60F0BC704710B4EA
:105530000022436B254CA34203D0436B244CA3426F
:1055400018D10B009BB21B0401D552F0B8020B001E
:105550009BB2102B01D152F090020B009BB2202B7A
:1055600001D152F060020B009BB2402B20D152F0CF
:1055700040021DE00B009BB21B0401D552F0B802A3
:105580000B009BB2DB0701D552F0F2020B009BB27D
:105590009B0701D552F0F4020B009BB2102B01D1F6
:1055A00052F090020B009BB2202B01D152F020024E
:1055B00003681B6813430468236010BC7047000035
:1055C0000000FFFF55470008FF63FF0399480008EC
:1055D000E549000810B400220B009BB2DB0709D597
:1055E00052F0420290F8413013F02803282B01D0EA
:1055F00052F0B0020B009BB29B0709D552F0440257
:1056000090F8413013F02803282B01D052F0B0025B
:105610000B009BB21B0401D552F0B8020B009BB2E9
:10562000102B01D152F090020B009BB2202B01D124
:1056300052F020020B009BB2402B01D152F04002ED
:1056400003681B6893430468236010BC70472E00F6
:1056500010B50400002C01D1012035E094F83D0084
:10566000002805D1002084F83C00200003F0D4F984
:10567000022084F83D00211D206800F051F901202E
:1056800084F84800012084F83E00012084F83F009F
:10569000012084F84000012084F84100012084F8B2
:1056A0004200012084F84300012084F844000120D6
:1056B00084F84500012084F84600012084F8470062
:1056C000012084F83D00002010BD010091F83D004C
:1056D000012801D0012048E0022081F83D0008683F
:1056E000C06850F001000B68D8600868DFF87C30B3
:1056F000984221D00868B0F1804F1DD00868DFF8CB
:105700007030984218D00868DFF86830984213D09B
:105710000868DFF8643098420ED00868DFF85C3023
:10572000984209D00868DFF85830984204D00868D9
:10573000DFF85030984211D108688368DFF84800DC
:1057400003401A00062A0FD0B2F5803F0CD008683B
:10575000006850F001000B68186005E008680068F8
:1057600050F001000B6818600020704700000140F5
:105770000004004000080040000C0040000401400C
:1057800000180040004001400700010010B504006F
:105790002068006980071AD52068C068800716D580
:1057A0007FF002002168086101202077206880696D
:1057B00010F0030F03D0200003F02FF905E02000C4
:1057C00003F02CF9200003F02AF90020207720684C
:1057D000006940071AD52068C068400716D57FF0D9
:1057E000040021680861022020772068806910F495
:1057F000407F03D0200003F010F905E0200003F003
:105800000DF9200003F00BF90020207720680069D3
:1058100000071AD52068C068000716D57FF0080079
:1058200021680861042020772068C06910F0030F08
:1058300003D0200003F0F1F805E0200003F0EEF8BB
:10584000200003F0ECF80020207720680069C006F3
:105850001AD52068C068C00616D57FF010002168F0
:105860000861082020772068C06910F4407F03D0C9
:10587000200003F0D2F805E0200003F0CFF820006C
:1058800003F0CDF80020207720680069C0070AD512
:105890002068C068C00706D57FF001002168086154
:1058A0002000FBF763FD2068006900060AD5206828
:1058B000C068000606D57FF08000216808612000DE
:1058C00003F0AEF820680069C0050AD52068C068FA
:1058D000000606D57FF4807021680861200003F07F
:1058E000A0F82068006940060AD52068C068400614
:1058F00006D57FF0400021680861200003F092F88F
:105900002068006980060AD52068C068800606D530
:105910007FF0200021680861200003F084F810BDAA
:1059200010B40468DFF8C030984212D0B0F1804F54
:105930000FD0DFF8B82090420BD0DFF8B4209042AF
:1059400007D0DFF8B020904203D0DFF8AC209042BF
:1059500003D134F070044A68144398421ED0B0F169
:10596000804F1BD0DFF88420904217D0DFF88020D2
:10597000904213D0DFF87C2090420FD0DFF87820DF
:1059800090420BD0DFF87420904207D0DFF87020EF
:10599000904203D0DFF86C20904203D134F440747D
:1059A000CA68144334F080044A69144304608A6866
:1059B000C2620A68826298420FD0DFF83C209042AF
:1059C0000BD0DFF83820904207D0DFF83420904227
:1059D00003D0DFF83020904201D10A69026301222E
:1059E000426110BC7047000000000140000400400C
:1059F00000080040000C004000040140004001404D
:105A0000004401400048014062F30F2262F31F424C
:105A1000401810F0030308D0C91A1FD3DB0748BF92
:105A200000F8012D28BF20F8022D130030B41446D1
:105A30001546103928BF20E93C00FAD8490728BF8D
:105A400020E90C0048BF40F8042D890028BF20F849
:105A5000022D48BF00F8012D30BC7047C91818BF8F
:105A600000F8012DCB0728BF00F8012D7047430037
:105A700038B50400DFF848000168490708D4006819
:105A800010F00700A04201D0012018E0002016E02D
:105A90000168C908C9002143016000F0CBFC050082
:105AA000DFF820000068800408D400F0C3FC401B2D
:105AB00040F2E9318842F3D3012000E0002032BDFA
:105AC0000C480258044802582DE9F0470400002C05
:105AD00001D101205DE32078C0076DD5DFF8B8065D
:105AE000056815F03805DFF8B406D0F80090102DE1
:105AF00005D0182D0DD119F00300022809D1DFF8C7
:105B0000A0060068800357D56068002854D10120A2
:105B10003FE36068B0F5803F06D1DFF88406016896
:105B200051F48031016026E0606800280AD1DFF876
:105B30007006016831F480310160016831F4802120
:105B4000016018E06068B0F5A02F0AD1DFF85006B8
:105B5000016851F480210160016851F480310160D5
:105B600009E0DFF83C06016831F48031016001682A
:105B700031F480210160606800280ED000F05AFCEA
:105B80000600DFF81C060068800315D400F052FC04
:105B9000801B6528F5D30320FBE200F04BFC0600D8
:105BA000DFF8FC050068800306D500F043FC801B8D
:105BB0006528F5D30320ECE22078800740F1AC8023
:105BC000DFF8D405056815F03805DFF8D005D0F802
:105BD0000090002D04D0182D48D119F0030F45D1A5
:105BE000DFF8BCA5DAF80000400704D5E06800281B
:105BF00001D10120CDE2DAF8001031F01901E0689E
:105C00000143CAF8001000F015FC0600DAF80000A5
:105C1000400706D400F00EFC801B0328F6D30320B7
:105C2000B7E2FBF7E8FF41F20401884214D2206991
:105C3000402807D1DFF86C052021026861F311329A
:105C4000026012E0DFF85C05016831F47C31226902
:105C500051EA0231016008E0DFF84805016831F0DF
:105C6000FE41226951EA0261016055E0E0680028C6
:105C70003CD0DFF82CA5DAF8001031F01901E0680B
:105C80000143CAF8001000F0D5FB0600DAF8000066
:105C9000400706D400F0CEFB801B0328F6D3032078
:105CA00077E2FBF7A8FF41F20401884214D2206991
:105CB000402807D1DFF8EC042021026861F311329B
:105CC000026012E0DFF8DC04016831F47C31226903
:105CD00051EA0231016008E0DFF8C804016831F0E0
:105CE000FE41226951EA0261016015E0DFF8B0A4CB
:105CF000DAF8000040084000CAF8000000F09AFB03
:105D00000600DAF80000400706D500F093FB801B80
:105D10000328F6D303203CE22078C00640F19480AB
:105D2000DFF87404056815F03805DFF87004D0F862
:105D30000090082D05D0182D32D119F0030001284C
:105D40002ED1DFF85C040068C00504D5E069802826
:105D500001D001201DE2FBF74EFF41F20401884211
:105D600014D2206A202807D1DFF8380410210268F5
:105D700061F39E62026012E0DFF82804016831F0EE
:105D8000F841226A51EA8261016008E0DFF81804F4
:105D9000016831F07C51226A51EA0261016053E0EE
:105DA000E06900283AD0DFF8F8A3DAF8000050F0F4
:105DB0008000CAF8000000F03DFB0600DAF80000A1
:105DC000C00506D400F036FB801B0328F6D3032061
:105DD000DFE1FBF710FF41F20401884214D2206A90
:105DE000202807D1DFF8BC031021026861F39E620E
:105DF000026012E0DFF8AC03016831F0F841226A7A
:105E000051EA8261016008E0DFF89C03016831F02B
:105E10007C51226A51EA0261016015E0DFF880A33B
:105E2000DAF8000030F08000CAF8000000F002FB51
:105E30000600DAF80000C00506D500F0FBFA801B6A
:105E40000328F6D30320A4E12078000728D5606951
:105E5000002812D0DFF85453286850F00100286061
:105E600000F0E8FA06002868800719D400F0E2FA8A
:105E7000801B0328F7D303208BE1DFF83053286819
:105E800040084000286000F0D5FA06002868800726
:105E900006D500F0CFFA801B0328F7D3032078E162
:105EA0002078800626D5A069002811D0BC4D28682E
:105EB00050F48050286000F0BDFA06002868800485
:105EC00018D400F0B7FA801B0328F7D3032060E151
:105ED000B34D286830F48050286000F0ABFA06001B
:105EE0002868800406D500F0A5FA801B0328F7D3A4
:105EF00003204EE12078400764D5DFF8B492D9F84A
:105F0000000050F48070C9F8000000F093FA05001A
:105F1000D9F80000C00506D400F08CFA401B6528B3
:105F2000F6D3032035E1A068012805D1A148016816
:105F300051F00101016022E0A068002809D19D48CC
:105F40000168490849000160016831F004010160FD
:105F500015E0A068052809D19648016851F00401B0
:105F60000160016851F00101016008E09148016899
:105F7000490849000160016831F004010160A0682E
:105F800000280FD000F056FA06008A480068800703
:105F900018D400F04FFA801B41F289318842F4D3C3
:105FA0000320F6E000F046FA060082480068800709
:105FB00008D500F03FFA801B41F289318842F4D3C2
:105FC0000320E6E0606A002800F0E2807248006882
:105FD00010F03800182800F08A80606A022874D116
:105FE000DFF8BC91D9F8000030F08070C9F80000EB
:105FF00000F020FA0500D9F80000800106D500F075
:1060000019FA401B0328F6D30320C2E063490A684B
:1060100069480240A06A0243E06A52EA00120A603C
:10602000206B401EC005C00D616B491E490211F472
:106030007E410843A16B491E090411F4FE01084387
:10604000E16B491E090611F0FE4108435B490860F7
:106050005B4908684008400008605A4802686FF3CE
:10606000CF02A36C52EAC30202600A6832F00C024B
:10607000206C02430A600A6832F00202606C02433C
:106080000A60086850F480300860086850F40030F6
:106090000860086850F480200860086850F001002B
:1060A0000860D9F8000050F08070C9F8000000F0D6
:1060B000C1F90600D9F80000800169D400F0BAF9EE
:1060C000801B0328F6D3032063E0354D286830F0A9
:1060D0008070286000F0AEF906002868800157D56E
:1060E00000F0A8F9801B0328F7D3032051E02B48C8
:1060F0000168324800688046606A012822D011F0A9
:106100000300A26A90421DD1C1F30510E26A9042D9
:1061100018D15FEAC850C00D226B521E904211D1B7
:10612000C8F34620626B521E90420BD1C8F3064062
:10613000A26B521E904205D1C8F30660E26B521E5C
:10614000904201D0012024E01E4D2868C0F3CC0706
:10615000A06CB8421CD0DFF86890D9F80000400865
:106160004000C9F8000000F065F9060000F062F98F
:10617000801B0028FAD028686FF3CF00A16C50EA8A
:10618000C1002860D9F8000050F00100C9F80000F3
:106190000020BDE8F08700BF104402582844025890
:1061A00000440258044402580C44025874440258F3
:1061B00000480258704402580CFCFFFF304402585B
:1061C0002C4402583444025810B410F00703DFF88E
:1061D000B84122684FF6FF010A4052EA0322DFF875
:1061E000AC110A43226010BC7047DFF89C010068C4
:1061F000C0F3022070470000010009B2002909D451
:10620000012210F01F018A40614903001BB25B09A3
:1062100041F82320704710B4020012B2002A05D4BE
:106220000A015C4B040024B21A5508E00A015A4BDB
:10623000040024B214F00F04234403F8042C10BC0F
:10624000704770B4030013F00704D4F10700052869
:1062500001D3042001E0D4F10700251D072D01D250
:10626000002500E0E51E012616FA00F0401E014060
:10627000A94016FA05F56D1E2A401143080070BCAE
:10628000704710B50400601EB0F1807F01D301207B
:106290000EE0601E414908600F215FF0FF30FFF7FC
:1062A000BAFF00203E49086007203E4908600020F0
:1062B00010BD10B504002000FFF786FF10BDF8B533
:1062C00004000D001600FFF790FF070032002900C0
:1062D0003800FFF7B6FF0100200000B2FFF79BFF78
:1062E000F1BD10B50400200000B2FFF785FF10BD1E
:1062F00010B504002000FFF7C4FF10BDBFF35F8F8F
:106300002948016831F48031016000202749086084
:10631000704750F00101254A116023490A6852F480
:1063200080320A60BFF34F8FBFF36F8F70474178A1
:106330001F4A1160017800291ED041681D4A116072
:10634000017BC27A120652EA0172817A52EAC14294
:10635000417B52EA8142817B52EA4142C17B52EA4F
:106360000142417A52EA0122017A52EA410201785D
:106370000A4311490A6005E000210E4A116000211C
:106380000D4A1160704700000CED00E00000FA05B6
:1063900000E100E000E400E018ED00E014E000E0BF
:1063A00018E000E010E000E024ED00E094ED00E0F3
:1063B00098ED00E09CED00E0A0ED00E010B50400D9
:1063C00011490878002801D101201BE04FF47A70B0
:1063D0000978B0FBF1F00D490968B1FBF0F0FFF767
:1063E00087FF002801D001200CE0102C09D20022E8
:1063F00021005FF0FF30FFF762FF054804600020D6
:1064000000E0012010BD00BF980000201000002017
:106410000C00002081B00648016851F002010160C3
:10642000006810F002000090009801B0704700BFB3
:10643000F444025801480068704700BF981A0020D1
:10644000704700002DE9F8430400FFF7F3FF070051
:10645000002C01D101202EE294F83500022806D04C
:1064600080206065002084F83400012023E2DFF8FA
:106470004C94206848454AD02068DFF8441488428C
:1064800045D02068DFF83C14884240D02068DFF80F
:10649000381488423BD02068DFF83014884236D068
:1064A0002068DFF82C14884231D02068DFF82414EB
:1064B00088422CD02068DFF82014884227D020683A
:1064C000DFF81814884222D02068DFF814148842BC
:1064D0001DD02068DFF80C14884218D02068DFF83F
:1064E0000814884213D02068DFF8001488420ED0C8
:1064F0002068DFF8FC13884209D02068DFF8F41325
:10650000884204D02068DFF8F013884201D10120CE
:1065100000E00020C0B200280ED02068006830F0F3
:106520001E00216808602068406930F08000216802
:106530004861D4F8008007E02068006830F00E0061
:1065400021680860D4F800802068484572D020682F
:10655000DFF86C1388426DD02068DFF8681388423A
:1065600068D02068DFF86013884263D02068DFF8C5
:106570005C1388425ED02068DFF85413884259D0FB
:106580002068DFF85013884254D02068DFF84813A1
:1065900088424FD02068DFF8441388424AD02068F0
:1065A000DFF83C13884245D02068DFF83813884272
:1065B00040D02068DFF8301388423BD02068DFF8F5
:1065C0002C13884236D02068DFF82413884231D05B
:1065D0002068DFF8201388422CD02068DFF81813D9
:1065E000884227D02068DFF81413884222D0206820
:1065F000DFF80C1388421DD02068DFF808138842AA
:1066000018D02068DFF80013884213D02068DFF824
:10661000FC1288420ED02068DFF88416884209D028
:106620002068DFF88016884204D02068DFF87816EA
:10663000884201D1012000E00020C0B2002805D02E
:10664000206E006830F48070216E08602068484534
:106650003BD020689A49884237D0206899498842BF
:1066600033D02068984988422FD0206897498842C3
:106670002BD020689649884227D0206895498842C7
:1066800023D02068944988421FD0206893498842CB
:106690001BD020689249884217D0206891498842CF
:1066A00013D02068904988420FD020688F498842D3
:1066B0000BD020688E49884207D020688D498842D7
:1066C00003D020688C49884206D1206800684008C1
:1066D00040002168086005E020680068400840002C
:1066E00021680860D8F80000C0070ED5FFF7A2FEA9
:1066F000C01B0628F6D320206065032084F83500EF
:10670000002084F834000120D5E0206848453BD0C3
:1067100020686B49884237D020686A49884233D064
:106720002068694988422FD02068684988422BD068
:1067300020686749884227D020686649884223D06C
:106740002068654988421FD02068644988421BD070
:1067500020686349884217D020686249884213D074
:106760002068614988420FD02068604988420BD078
:1067700020685F49884207D020685E49884203D07C
:1067800020685D49884201D1012000E00020C0B2AC
:10679000002809D0A06D05003F2094F85C1011F08E
:1067A0001F018840A86008E0A06D0600012094F851
:1067B0005C1011F01F0188407060206848455ED071
:1067C00020683F4988425AD020683E49884256D0C6
:1067D00020683D49884252D020683C4988424ED0CA
:1067E00020683B4988424AD020683A49884246D0CE
:1067F00020683949884242D02068384988423ED0D2
:106800002068374988423AD020683649884236D0D5
:1068100020683549884232D02068344988422ED0D9
:106820002068334988422AD020683249884226D0DD
:1068300020683149884222D02068304988421ED0E1
:1068400020682F4988421AD020682E49884216D0E5
:1068500020682D49884212D020682C4988420ED0E9
:106860002068DFF83C14884209D02068DFF834142F
:10687000884204D02068DFF83014884201D101201A
:1068800000E00020C0B200280ED0A06E616E48600B
:10689000E06E002808D0E06E006830F48070E16E91
:1068A0000860606F216F4860012084F83500002087
:1068B00084F834000020BDE8F2830000100002409C
:1068C0002800024040000240580002407000024090
:1068D00088000240A0000240B800024010040240BC
:1068E0002804024040040240580402407004024060
:1068F00088040240A0040240B80402400854025830
:106900001C540258305402584454025858540258E7
:1069100038B50400002C01D10120BFE194F8350006
:10692000022803D0802060650120B7E1DFF88013E2
:10693000206888424AD02068DFF87823904245D00A
:106940002068DFF87423904240D02068DFF86C2381
:1069500090423BD02068DFF86823904236D0206810
:10696000DFF86023904231D02068DFF85C2390424A
:106970002CD02068DFF85423904227D02068DFF81D
:106980005023904222D02068DFF8482390421DD047
:106990002068DFF84423904218D02068DFF83C23B9
:1069A000904213D02068DFF8382390420ED0206840
:1069B000DFF83023904209D02068DFF82C23904282
:1069C00004D02068DFF8E422904201D1012000E0E9
:1069D0000020C0B200285DD0042084F83500206873
:1069E000884249D02068DFF8CC12884244D0206821
:1069F000DFF8C41288423FD02068DFF8C012884216
:106A00003AD02068DFF8B812884235D02068DFF825
:106A1000B412884230D02068DFF8AC1288422BD004
:106A20002068DFF8A812884226D02068DFF8A0127C
:106A3000884221D02068DFF89C1288421CD0206850
:106A4000DFF89412884217D02068DFF8901288424D
:106A500012D02068DFF8881288420DD02068DFF855
:106A60008412884208D02068DFF87C12884203D064
:106A700020688E49884206D120680068400840009E
:106A80002168086009E1206800684008400021682A
:106A9000086002E12068006830F00E002268106093
:106AA0002068884249D02068DFF80822904244D00C
:106AB0002068DFF8042290423FD02068DFF8FC21F4
:106AC00090423AD02068DFF8F821904235D0206813
:106AD000DFF8F021904230D02068DFF8EC219042BE
:106AE0002BD02068DFF8E421904226D02068DFF820
:106AF000E021904221D02068DFF8D82190421CD0BC
:106B00002068DFF8D421904217D02068DFF8CC212C
:106B1000904212D02068DFF8C82190420DD0206842
:106B2000DFF8C021904208D02068DFF8BC219042F5
:106B300003D020685D4A904206D120680068400872
:106B400040002268106005E02068006840084000AE
:106B500022681060206888426FD02068DFF85411E6
:106B600088426AD02068DFF85011884265D02068DA
:106B7000DFF84811884260D02068DFF8441188426D
:106B80005BD02068DFF83C11884256D02068DFF8DF
:106B90003811884251D02068DFF8301188424CD03B
:106BA0002068DFF82C11884247D02068DFF82411D4
:106BB000884242D02068DFF8201188423DD020680A
:106BC000DFF81811884238D02068DFF814118842A5
:106BD00033D02068DFF80C1188422ED02068DFF80F
:106BE0000811884229D020683049884225D0206881
:106BF000DFF8F810884220D02068DFF8F4108842CF
:106C00001BD02068DFF8EC10884216D02068DFF82F
:106C1000E810884211D02068DFF8E01088420CD0DC
:106C200020681F49884208D020681E49884204D045
:106C30002068DFF8CC10884201D1012000E000205C
:106C4000C0B200281DD0206E006830F48070216E24
:106C50000860A06D0500012094F85C1011F01F0180
:106C600088406860A06E616E4860E06E002808D0C1
:106C7000E06E006830F48070E16E0860606F216F34
:106C80004860012084F83500002084F83400206D2D
:106C9000002802D02000216D8847002032BD00006E
:106CA0006C5402588054025894540258B80402405C
:106CB00010000240280002404000024058000240FC
:106CC0007000024088000240A0000240B80002406C
:106CD00010040240280402404004024058040240CC
:106CE0007004024088040240A00402400854025884
:106CF0001C540258305402584454025858540258F4
:106D00009454025890F835007047704770477047A8
:106D10007047704780B5FBF7D1F9DFF87814DFF8DA
:106D200078241268C2F30212895C11F01F01C84076
:106D300002BD000030B485490A6812F003020968F8
:106D4000C1F30531824B1B68C3F30013DFF84C44D9
:106D50002468C4F3CC0404FB03F401EE104AB8EE3B
:106D6000411A002900F0EA80002A03D0022A70D0DC
:106D70004FD38EE0DFF804442568AD0629D5DFF84F
:106D800000542468C4F3C104E54001EE905AB0EE0B
:106D9000610AF8EE401A02EE101AB8EE422AC1EE6D
:106DA000821ADFF8FC432468E405E40D02EE104A81
:106DB000B8EE422ADFED672AC1EE222A32EE222AFD
:106DC000F7EE002A32EE222A61EE821AF0EE610A14
:106DD0001EE001EE901AF8EE611A9FED5F2AC2EEF6
:106DE000211ADFF8BC432468E405E40D02EE104AE2
:106DF000B8EE422ADFED572AC1EE222A32EE222ACD
:106E0000F7EE002A32EE222A61EE821AF0EE610AD3
:106E10005EE001EE901AF8EE611A9FED502AC2EE84
:106E2000211ADFF87C432468E405E40D02EE104AE1
:106E3000B8EE422ADFED472AC1EE222A32EE222A9C
:106E4000F7EE002A32EE222A61EE821AF0EE610A93
:106E50003EE001EE901AF8EE611A9FED412AC2EE73
:106E6000211ADFF83C432468E405E40D02EE104AE1
:106E7000B8EE422ADFED372AC1EE222A32EE222A6C
:106E8000F7EE002A32EE222A61EE821AF0EE610A53
:106E90001EE001EE901AF8EE611A9FED302AC2EE64
:106EA000211ADFF8FC422468E405E40D02EE104AE2
:106EB000B8EE422ADFED272AC1EE222A32EE222A3C
:106EC000F7EE002A32EE222A61EE821AF0EE610A13
:106ED000DFF8CC422568C5F3462501EE905AF8EE5E
:106EE000611AB7EE002A71EE821AC0EEA11AFCEE0A
:106EF000E11AC0ED001A2568C5F3064501EE905A67
:106F0000F8EE611AB7EE002A71EE821AC0EEA11AED
:106F1000FCEEE11AC0ED011A2468C4F3066401EE28
:106F2000904AF8EE611AB7EE002A71EE821AC0EEAE
:106F3000A11AFCEEE11AC0ED021A05E0002404607B
:106F4000002444600024846030BC70472844025808
:106F50002C440258000000460024744C0024744A5B
:106F600020BCBE4B30B4DFF83C120A6812F00302BA
:106F70000968C1F30551DFF830321B68C3F3002301
:106F8000DFF828422468C4F3CC0404FB03F401EEC8
:106F9000104AB8EE411A002900F0E880002A03D018
:106FA000022A6ED04DD38CE0744C2568AD0628D5EE
:106FB000734D2468C4F3C104E54001EE905AB0EE6D
:106FC000610AF8EE401A02EE101AB8EE422AC1EE3B
:106FD000821ADFF8DC412468E405E40D02EE104A71
:106FE000B8EE422ADFED672AC1EE222A32EE222ACB
:106FF000F7EE002A32EE222A61EE821AF0EE610AE2
:107000001EE001EE901AF8EE611A9FED5F2AC2EEC3
:10701000211ADFF89C412468E405E40D02EE104AD1
:10702000B8EE422ADFED572AC1EE222A32EE222A9A
:10703000F7EE002A32EE222A61EE821AF0EE610AA1
:107040005EE001EE901AF8EE611A9FED502AC2EE52
:10705000211ADFF85C412468E405E40D02EE104AD1
:10706000B8EE422ADFED472AC1EE222A32EE222A6A
:10707000F7EE002A32EE222A61EE821AF0EE610A61
:107080003EE001EE901AF8EE611A9FED412AC2EE41
:10709000211ADFF81C412468E405E40D02EE104AD1
:1070A000B8EE422ADFED372AC1EE222A32EE222A3A
:1070B000F7EE002A32EE222A61EE821AF0EE610A21
:1070C0001EE001EE901AF8EE611A9FED302AC2EE32
:1070D000211ADFF8DC402468E405E40D02EE104AD2
:1070E000B8EE422ADFED272AC1EE222A32EE222A0A
:1070F000F7EE002A32EE222A61EE821AF0EE610AE1
:10710000DFF8AC402568C5F3462501EE905AF8EE4D
:10711000611AB7EE002A71EE821AC0EEA11AFCEED7
:10712000E11AC0ED001A2568C5F3064501EE905A34
:10713000F8EE611AB7EE002A71EE821AC0EEA11ABB
:10714000FCEEE11AC0ED011A2468C4F3066401EEF6
:10715000904AF8EE611AB7EE002A71EE821AC0EE7C
:10716000A11AFCEEE11AC0ED021A05E00024046049
:10717000002444600024846030BC704700440258FE
:107180000090D003000000460024744C0024744A90
:1071900020BCBE4BFC8F0008204402583C440258DF
:1071A00038440258284402582C4402584444025897
:1071B00040440258BBBBE1B1B2F5803F80F07E8015
:1071C000022A1ED98C46B1FBF2F102FB11C31B044B
:1071D00043EA1043B3FBF2FC02FB1C3380B240EAEB
:1071E0000343B3FBF2F002FB103240EA0C400023F1
:1071F0007047022A05D98446B0FBF2F002FB10C2A8
:1072000070474AB105D100F0010249085FEA300039
:10721000704700220023704701F006BC0B000200FB
:10722000002100207047904271EB030CF6D3B3F5B8
:10723000803F2FD2F0B5B3FA83F7B1FA81F4A7F10A
:107240000F0E3D1B5340CEF1200602FA0EF2F34121
:107250005340B5F10F0746D80F3C2C444140C4F1D0
:107260002006A040F1414140B1FBF3F603FB1611AB
:10727000A2FB0645001BA94102D2761E8018594187
:1072800080EA010221FA0EF362FA0EF200215A405E
:107290003046F0BD30B4B1FBF3FC03FB1C11A2FB84
:1072A0000C45001BA94103D2ACF1010C80185941D7
:1072B00030BC02460B46604600217047B2F1807F29
:1072C00065D3F0B5B2FA82F7B1FA81F4C7F10F06CF
:1072D0003D1B22FA06F307F1110EF24120355A4008
:1072E000B5F10F07B8D94140C4F12006A040F141E3
:1072F0004140B1FBF3FC03FB1C11A2FB0C45001B3E
:10730000A94103D2BCF1010C801859410F2F12D3AF
:107310000F3FC90341EA5041B1FBF3F603FB1611DD
:10732000A2FB0645D4EBC030A94102D2761E8018DC
:10733000594146EACC3C07B34140C7F12006B8406A
:10734000F1414140B1FBF3F603FB1611A2FB0645E8
:10735000001BA94102D2761E8018594180EA010221
:1073600021FA0EF3C7F1200462FA0EF20CFA07F0CC
:107370005A402CFA04F13043F0BD80EA010221FAB0
:107380000EF3002162FA0EF260465A40F0BD8C46C0
:10739000B1FBF2F102FB11C31B0243EA1063B3FB22
:1073A000F2FC02FB1C331B024CEA002043EA106390
:1073B000B3FBF2FC02FB1C331B024CEA002043EA45
:1073C0001063B3FBF2FC02FB1C331B024CEA0020EF
:1073D00043EA1063B3FBF2FC02FB1C324CEA0020D0
:1073E000002370472DE9F14FB0B0924604910DF1A2
:1073F00042013A9A2B9199464A7000200AE01AF805
:10740000011B0498309A90470028049000F06A8687
:107410000D98401C0D909AF8000050B12528EED12F
:10742000002100220791089209910A920B910C9277
:1074300004E00D9800F058BE41F001011AF8010F68
:107440002028F9D023280CD02B2804D02D2805D0B3
:10745000302809D00BE041F00201EFE741F00401D0
:10746000ECE741F00801E9E741F01001E6E72A28DE
:107470000FD1D9F8002052F8040BC9F800200028D9
:107480000F9003D540420F9041F004010AF1010A28
:1074900014E00F92DFF8583C0AE00F98984205DAA2
:1074A00000EB800402EB4402303A0F920AF1010A29
:1074B0009AF80020A2F130000A28EED39AF80000D2
:1074C0002E2803D04FF0FF320E9229E01AF8010F58
:1074D0002A2809D1D9F8000050F8042BC9F8000077
:1074E0000E920AF1010A1BE02D280CBF0AF1010AD5
:1074F000002000220E92DFF8F84B0BE040B90E9A04
:10750000A24205DA02EB820503EB4503303B0E9302
:107510000AF1010A9AF80030A3F130020A2AEDD3E9
:10752000ADF840100FF6CC309AF8001001F07EFA5A
:1075300008B11AF8010B8DF842009DF84200682846
:1075400005D19AF8000068280CD1622106E06C2869
:1075500004BF9AF800006C2804D171218DF8421004
:107560000AF1010A12A806901AF801BBBBF1250125
:107570002CD01C3900F0D681091F022940F2D2819B
:10758000133900F0E184093900F0CC81891E00F044
:107590007685491E00F02385491E022940F2C281EA
:1075A000091F00F01C85491F00F03181491E00F0C1
:1075B000CB84491E00F0D880C91E0DD0891E00F072
:1075C000C384C91E00F0C08400F064BD25238DF87B
:1075D0004830012100F069BDD9F8000050F8044B93
:1075E000C9F80000002C059440F0AB802B99487836
:1075F000002800F0A1804FF0FF340FF6003001F0BA
:1076000021FA201A40F06E8500F050BD01236A4631
:1076100002A9304600F042FE002840F063856D1E4E
:10762000F4D13096079D12AF75B1309E17F8012B3B
:1076300002A9304600F022FE002801D46D1EF5D1CB
:107640000028309640F04E850A9D3020002D8DF8A0
:1076500000000CDD309E01236A4602A9304600F08E
:107660001DFE002840F03E856D1EF4D13096059F2A
:10767000089D75B1309E17F8012B02A9304600F025
:10768000FDFD002801D46D1EF5D10028309640F094
:1076900029850B9D3020002D8DF800000CDD309EDB
:1076A00001236A4602A9304600F0F8FD002840F0A8
:1076B00019856D1EF4D1309605980899099D4718D3
:1076C00075B1309E17F8012B02A9304600F0D6FDA7
:1076D000002801D46D1EF5D10028309640F00285B7
:1076E0000C9D3020002D8DF800000CDD309E012314
:1076F0006A4602A9304600F0D1FD002840F0F2842D
:107700006D1EF4D130969DF8400041077FF583AEA1
:107710002020002C8DF800007FF77DAE309D0123E6
:107720006A4602A9284600F0B9FD002840F0DA8434
:10773000641EF4D130956EE60FF6C030059000F06F
:10774000B5BC0E9D002D04D52046FCF71FF904465C
:1077500007E02A46204600F0F1FD002814BF041B74
:107760002C46089400F0A2BCD9F8001051F8040B84
:10777000C9F8001020F00004002121F0FF3512AB01
:10778000CDE902450593DDE9022306993C2413B9AE
:107790000AB90E98A0B102F00F05641E30353A2DDB
:1077A00008DA12090D5542EA03721B0908BF002AC4
:1077B00002D105E02735F4E705980D19A842EAD370
:1077C00008190590C4F13C020E98089282420ADA28
:1077D000BDF84010821A4FF6EF7001400A92ADF8E2
:1077E000401000F063BC002840F160849DF8400028
:1077F00000F01400102840F059840F9B07990A9854
:107800005B1A1B1A9A1A002A40F350849AE32B99A8
:10781000487820B14FF0FF340FF6B020EFE69DF826
:107820004200622860D0682817D06A283FD06C28B0
:1078300006D0712847D074282CD07A281DD062E059
:10784000D9F8001051F8040BC9F80010002866D1CF
:107850004FF0FF340FF68C20D1E6D9F8001051F824
:10786000040BC9F8001020B94FF0FF340FF6742054
:10787000C5E60D99018000F019BCD9F8001051F847
:10788000040BC9F80010002849D14FF0FF340FF65F
:107890005420B4E6D9F8001051F8040BC9F80010D0
:1078A00000283CD14FF0FF340FF63820A7E6D9F876
:1078B000001051F8040BC9F8001080B94FF0FF34E4
:1078C0000FF620209BE6D9F8001051F8040BC9F8F8
:1078D000001020B94FF0FF340FF608208FE60D9A04
:1078E000D317C0E90023E1E3D9F8001051F8040BE5
:1078F000C9F8001020B94FF0FF340FF6E8107EE60B
:107900000D990170D2E3D9F8001051F8040BC9F8B1
:10791000001020B94FF0FF340FF6C8106FE60D9934
:107920000160C3E3D9F80020D21D22F00702C9F894
:107930000020D2E900010832C9F80020CDE9020197
:10794000C80F02D007982D210AE0BDF8400081073A
:1079500002D507982B2103E0C00705D50798202101
:1079600012AA1154401C079012A80799DDE902459C
:1079700043184BF020006128059321AE0BD00E98E0
:10798000002802D506200E9005E001BF4BF0200034
:10799000672801210E91DDE9020148004015401CD5
:1079A0000A460DD109030BD0ABF1610703201A2F52
:1079B000089002D20FF648110DE00FF648110AE0C8
:1079C00070B912030CD1ABF1610703201A2F089094
:1079D0001CD30FF638110322184601F053F865E363
:1079E000DDE902016A4600F0E1FCCDE902014BF05D
:1079F0002000612811D1059830210170821C059268
:107A0000BBF1610F0CBF7821582102E00FF6F8019D
:107A1000E1E741700798801C0790DDE9020120F042
:107A2000000231F0004308BF002A02D100250024E3
:107A300045E14BF02008B8F1610F40F095800E98B9
:107A4000002847BF21210191401C0190019F7F1C0C
:107A50002046294600220023DDE9024501F066F8B0
:107A600038BF85F0004500998DF88420091F002F4C
:107A700000910DF1850034DD06462046294600229E
:107A8000002301F06DF82BD21C2200F0C7FC044645
:107A90000D4601F07FF8FF1F002F804609DD01F041
:107AA00080F802460B462046294601F081F804463C
:107AB0000D46F01D0721B8F1000F0CDD491E5EBF19
:107AC00008F00F0200F8012D4FEA2818F3D502E064
:107AD000002200F8012D491EFAD5C61D002FCCDC6E
:107AE00030460DF18501401A01990DF185060546D4
:107AF0008842C8BF0D46002D2FD4854206DA0DF10D
:107B00008500415D0829A8BF0F2000DA0020294622
:107B100021AA0A4400E06D1E12F80139491E834271
:107B2000F9D00F2804D10DF18500425C521C42545B
:107B3000002904D50098001D21AE6D1C0090681E20
:107B40000BD431180A783032D3B23A2BA4BF5A443E
:107B50003A3A401E01F80129F4D50E98002840F168
:107B6000AD80691E0E91A9E00099DFF8002747F269
:107B70009750414391FBF2F2009225F00045C2F18B
:107B80000702002A04DD2046294600F04BFB0BE0EB
:107B900052420020DFF8D81600F044FB02460B46A4
:107BA0002046294601F00DF804460D46B8F1660F4F
:107BB00006BF009F0A3706270E983F18142FC8BF2C
:107BC000142730208DF884000DF1850000E0304648
:107BD000002F35DD06462046294600F0FBFF014612
:107BE0000A4606F1080304200A26B2FBF6F606EB65
:107BF000860EA2EB4E02303203F8012C0A22B6FBAD
:107C0000F2F202EB820EA6EB4E063036401E03F86F
:107C1000026DE9D1083F002F03F10806D7DD0846C1
:107C200000F0DFFF02460B462046294600F0C0FF69
:107C30000022DFF8403600F0DBFF04460D46CAE7BD
:107C40000DF18501401A0DF1850604E00099491EE9
:107C5000401E0091761C31783029F7D0B8F1660FBC
:107C600002D10099491C04E0B8F1650F0CBF012155
:107C700000210E9D4D19A842B8BF451E002D1DD4F0
:107C8000854204DA705D3428C8BF392000DC30201A
:107C90002946721E531800E06D1E13F80149491E53
:107CA0008442F9D0392802D1705C401C70540029FC
:107CB00004D50098401C16466D1C0090009C00F0F6
:107CC000C1FF406A0778DDF8388028B2002802DC5E
:107CD00001250FF23C664BF02000662808BF641CAB
:107CE00016D0672846D120B210F1040F48DB40457A
:107CF00046DA9DF84000641C010703D428B24045D1
:107D0000D8BF804620B2B8EB000848BF4FF000084B
:107D10000FFA84FBBBF1000F00F3B5800898411CFB
:107D20000891302205990A54B8F1000F03DC9DF840
:107D30004000010704D50898411C089105990F548B
:107D400018EB0B0FB8BFC8F1000424B26042A04486
:107D50002AB20B909045B8BF4546059B08982DB2B6
:107D600009952A463146184400F08CFEA8EB050020
:107D70000C90D2E0BBF1610F17D14FF0700B19E0FE
:107D800028B2404504DA9DF840100A0758BF8046E3
:107D9000B8F1010848BF4FF00008BBF1670F14BFEE
:107DA0004FF0450B4FF0650B04E0BBF1410F08BFEE
:107DB0004FF0500B0898411C0891B8F1000F05993D
:107DC00016F8012B0A5403DC9DF8400001071AD570
:107DD0000898411C0891B8F1000F05990F5412DD65
:107DE0006D1E28B28045B8BF45460598089B2AB24B
:107DF0003146184400F046FE08992DB269180891E2
:107E0000A8EB05000B9005980899084421B20029B9
:107E100080F800B003D42B224270821C04E02D2293
:107E200042700C46821C644200212CAB20460AE0C2
:107E300004460A2094FBF0F000EB8005A4EB450417
:107E400003F8014B491C00B20028F1DC012906DCD3
:107E50004BF02000652804BF302002F8010B0029F8
:107E60002CAB08D1302002F8010B06E0491E585C0B
:107E7000303002F8010B0029F8DC05990898084415
:107E8000121A099249E028B221B288421CDA0598F8
:107E9000089B2AB23146184400F0F4FD08992DB22F
:107EA00069180891ABEB0500B8F1000F0B9003DCEB
:107EB0009DF84000020704D5059847540999491CCC
:107EC0000991CDF8308028E00598089B22B2314610
:107ED000184400F0D7FD08982D1B5844B8F1000F46
:107EE000089003DC9DF840100A0703D5411C089157
:107EF00005990F5428B28045B8BF45460598089BA0
:107F00002AB206EB0B01184400F0BCFD08982DB214
:107F100028180890A8EB05000B909DF8400000F091
:107F20001400102840F0C280079A08990B988A180C
:107F3000099982180C988A1882180F98824280F248
:107F4000B580821A0A92B1E09DF84200622808D0FA
:107F500068280ED06A2814D06C281FD0712810D041
:107F60001CE0D9F8001051F8040BC9F80010C0B299
:107F70001AE0D9F8001051F8040BC9F8001080B2CB
:107F800012E0D9F80020D21D22F00702C9F8002023
:107F9000D2E900010832C9F8002006E0D9F8001043
:107FA00051F8040BC9F800100021CDE902019DF839
:107FB000400001075AD5DDE90223002B08BF002A43
:107FC00054D04BF02000782850D1079812A93022C5
:107FD0000A54401C431C079301F800B046E09DF88A
:107FE0004200622808D068280ED06A2814D06C2875
:107FF0001FD0712810D01CE0D9F8001051F8040BE4
:10800000C9F8001040B21AE0D9F8001051F8040B7A
:10801000C9F8001000B212E0D9F80020D21D22F0F9
:108020000702C9F80020D2E900010832C9F800208F
:1080300006E0D9F8001051F8040BC9F80010C11778
:10804000CDE90201002902D507982D210AE0BDF8EB
:108050004000810702D507982B2103E0C00705D512
:108060000798202112AA1154401C079012A80799C2
:108070000144059102A8594600F04EF816E001208F
:108080000790D9F8000050F8041BC9F800008DF8DB
:1080900048100BE025210122BBF1000F8DF848109C
:1080A000079203D08DF849B0022107910F9A0798E3
:1080B0000A990C9C121A0898521A0B99121A0998CC
:1080C000521A121A9DF84000141B41073FF5AAAA44
:1080D0002020002C8DF800007FF7A4AA309E2546B2
:1080E000FFF794BA4FF0FF3031B0BDE8F08F0000D9
:1080F000CBCCCC0C686A6C747A4C00007072696EE0
:1081000074665F733A206261642025732061726730
:10811000756D656E740000002DE9FC4304466F29FF
:10812000256908BF082605D041F02000782814BF33
:108130000A261026D4E900233C2790469946642954
:1081400018BF692905D1002B03D5D8F1000869EBC8
:108150004909B9F1000F08BFB8F1000F0CD1206B2D
:1081600050B9082E3AD194F83800010736D530209E
:108170003B2785F83B0031E08DF80010404649462A
:108180003246F317FFF716F83032D0B27F1E3A2886
:1081900001970EDAEA55404649463246F317FFF793
:1081A00009F880465FEA010908BFB8F1000F05D160
:1081B00008E09DF800001218513AEBE7E068E91971
:1081C0008842DBD3082E09D194F83800010705D581
:1081D000E85D302802D07F1E3020E855C7F13C0210
:1081E000A261E919E160206B824208DA821A2262F8
:1081F0004FF6EF70218F01402187BDE8F3830028FF
:108200000ED594F8380000F01400102808D1636BE4
:108210006169206A5B1A1B1A9A1A002AC8BF226277
:10822000BDE8F3832DE9D04306460F4614464FF0D0
:108230000008DFF8449012E0E00707D542464B46BD
:108240003046394600F0D4FC06460F4640464946C3
:1082500042464B4600F0CCFC641080468946002C18
:10826000EAD130463946BDE8D0830000A08601003F
:108270000000F03F84D797410000244010B503462A
:108280000C461146A0689847A06020B1E06A401CE7
:10829000E062002010BD4FF0FF3010BDF8B505467C
:1082A0000E4617461C4600205CB117F8011BB0684B
:1082B000A847B06030B1F06A401CF0620020641E34
:1082C000F3D1F2BD4FF0FF30F2BD00007072696E65
:1082D00074665F733A20256E20646973616C6C6FFD
:1082E000776564007072696E74663A20626164201A
:1082F000256E20617267756D656E74000000000068
:108300006E616E004E414E00696E6600494E460039
:10831000300010B5044600F093FC01462046096A7F
:10832000BDE81040084710B5044600F089FC01463E
:108330002046896ABDE8104008470000C9B283079B
:1083400006D0521E22D310F8013B9942F7D11FE00C
:10835000083A13D302F1040241EA012141EA014142
:1083600050F8043B121F21BF4B40A3F1013C2CEA03
:10837000030C1CF0803FF3D0C9B2001F083210F884
:10838000013B521E28BF91EA030FF8D818BF012005
:10839000401E7047024651EC100B10B5144600F019
:1083A0000BF841EC100B226010BD000010B5144614
:1083B00000F002F8226010BDC1F30A5343B14A0035
:1083C00012F5001F28D2A3F2FE32A1EB0251704732
:1083D00050EA410C20D001F0004C31EA0C01B1FA16
:1083E00081F204BFB0FA80F3D2180B3AB2F1200345
:1083F0002CBF00FA03F1914041EA0C013EBFC2F1EB
:10840000200C20FA0CF319439040524240F2FD3305
:10841000D21A01EB035170470022704741EC100B58
:10842000104600B500F004F851EC100B00BD000040
:10843000020030EE101B40F2FF7C37D41CEA1153CF
:1084400013D063456BD09B18634504D201EB0251F6
:1084500020EE101B704701F0004141EA0C51002052
:1084600041EC100BAFF30080704710EE100B50EA98
:10847000410054D0B2F57F7F08D202EB5C010905C0
:10848000002041EC110B20EE010B70474FF0FE4134
:10849000002341EC113B20EE010BB2F57E7230EE71
:1084A000101B4FEA410342EB5353CDE752421CEA03
:1084B000115316D0634532D09A4204D2A1EB025137
:1084C00020EE101B70475B1ED21AA1EB035120EE69
:1084D000101B372A0CD3002001F0004141EC100B97
:1084E000C0E710EE100B50EA410018D0372AF2D244
:1084F000C2EB5C021105002041EC110BF1EE100AF9
:1085000020F01F0121F4F851E1EE101A20EE010BCA
:10851000F1EE101AE1EE100A11F0080FA2D1704727
:108520002DE9F84305460C462E68002700E0761C2E
:108530003078FFF7EEFE0028F9D130782D280CBFF7
:1085400008272B2800D1761C307840F020016E29B6
:1085500027D1707840F02000612802BFB07840F049
:1085600020006E2802D02E68002746E0F61CB04698
:10857000042798F8000028283FD118F8019F4846A2
:1085800000F066FB0028F8D1A9F130000A28F4D3E6
:1085900098F800005F28F0D029282ED108F10106B4
:1085A0002BE069292CD1707840F020006E2802BFA2
:1085B000B07840F02000662802D02E6800271CE02A
:1085C00016F8030F40F0200047F00307692802BFA8
:1085D000707840F020006E280FD1B07840F0200075
:1085E000692802BFF07840F02000742805D1307966
:1085F00040F02000792808BF761DF4B126601CE009
:10860000302802BF707840F02000782813D1B01CC9
:1086100001782E2908BF401C0078A0F161010629CD
:1086200021BFA0F14102062A30380A2803D2B61C25
:1086300047F0020701E047F001072E603846BDE829
:10864000F28300002DE9F14F8CB04FF00008169D29
:1086500005EBC5059246C3462D2DC8BF2D25C3F891
:1086600000B0C3F804B0D94602E0491C4FF001093C
:1086700008783028F9D0002411E01868401C1860F0
:108680000A78302A08D04FF0010805E0AC42F4DA4D
:1086900030380DF80400641C491C4FF001090878BB
:1086A000A0F130020A2AF1D30F461E4600F0CAFAA2
:1086B000406A39780278914208BF7F1C002C4846F6
:1086C0000ED1397830290BD13068401E30607F1CC4
:1086D0000120F6E7302918BF4FF001087F1C012068
:1086E0003978A1F130020A2A0AD2AC42F2DAA1F1B9
:1086F00030000DF80400641C3268521E3260EDE751
:10870000B8F1000F0DD00DF1FF314A5D521C4A55F2
:1087100007E00DF1FF32115D49B93268521C326039
:10872000641E002CF5DC04BF8DF800B00124002885
:1087300057D04FF0090994FBF9F9C4F1090309EB8B
:10874000C9010B44092193FBF1F1002201EBC101A6
:10875000591A1AD04FF0010B17E056F82B1001EB05
:10876000810105EB410146F82B100CE0092193FB38
:10877000F1F101EBC1011DF80250591AEDD10BF1D5
:10878000010B46F82B505B1C521CA242EEDB3978E1
:1087900041F02001652924D1394617F8012F2B2AF1
:1087A00016BF2D2A17F8014B2B2400220023124D4F
:1087B00008E0AB4204DA03EB83020CEB4203303BEC
:1087C0007F1C012297F800C0ACF1300EBEF10A0FF9
:1087D000EFD32D2C08BF5B4234681B19336002B9FC
:1087E0000F46BAF1000F03D000B90C9FCAF8007011
:1087F00058460DB0BDE8F08F00E1F5052DE9F14FC9
:108800008CB09146DDF85880C8EBC8084FF0000ADC
:10881000B8F1230FC8BF4FF02308C3F800A0C3F876
:1088200004A0002701E0491C012708783028FAD06D
:1088300068A201925FF000046CA200920DF1080B97
:108840000D461E460EE03068401C306008E0A04532
:10885000F9DB019A0099801A085C0BF80400641C8B
:108860006D1C012795F800105AA01622FFF766FD2F
:108870000028ECD100F0E6F9406A297802789142AC
:1088800008BF6D1CB4B92878302813D13168491E4F
:1088900031606D1C0127F6E7A04509DB019A0099BC
:1088A000801A085C0BF80400641C3168491E3160B2
:1088B0006D1C01272978162246A0FFF73FFD0028EE
:1088C000EAD1A04517DA1BF80810072906DD0DF1DB
:1088D000070111F80820521C01F8082044463268AC
:1088E000521C326007E00DF10702115D49B9326890
:1088F000521C3260641E002CF5DC04BF8DF808A009
:10890000012431688900002F316056D04FF0070BE9
:1089100094FBFBFBC4F10703CBEBCB0B5B440721C0
:1089200093FBF1F10022C1EBC101591A19D04FF0AC
:10893000010A16E056F82A100BEB011046F82A003F
:108940000DE0072102A893FBF1F1C1EBC10110F882
:1089500002B0591AEED10AF1010A46F82AB05B1C9E
:10896000521CA242EDDB297841F02001702924D16C
:10897000294615F8012F2B2A16BF2D2A15F8014B71
:108980002B2400220023124808E0834204DA03EB80
:1089900083020CEB4203303B6D1C012295F800C0B2
:1089A000ACF1300EBEF10A0FEFD32D2C08BF5B42A5
:1089B00034681B19336002B90D46B9F1000F03D0BA
:1089C00007B90C9DC9F8005050460DB0BDE8F08FB6
:1089D00000E1F505303132333435363738396162EC
:1089E000636465664142434445460000000102035A
:1089F0000405060708090A0B0C0D0E0F0A0B0C0DD7
:108A00000E0F0000704770477047704770477047FF
:108A1000704770477047704770477047704770479E
:108A2000704770477047704770470000C9B20278BE
:108A30008A421AB11CBF10F8012FF9E718BF0020B5
:108A40007047000080B500B906A005490B681BB14E
:108A500022220021984701E000F004F9222002BD03
:108A60009C1A0020636F6E73747261696E74206863
:108A7000616E646C65723A20626164206D65737327
:108A80006167650062B38B0708D0521E11F8013B85
:108A900000F8013B00F024808B07F6D1830740F0FB
:108AA000208000BF103A07D330B4B1E83810103A34
:108AB000A0E83810F9D230BC530724BFB1E8081041
:108AC000A0E8081044BF51F8043B40F8043BD2072B
:108AD00024BF31F8022B20F8022B44BF0B7803701F
:108AE0007047121F17D35B0009D151F8043B20F8DF
:108AF000023B1B0C121F20F8023BF6D20BE051F890
:108B0000043B00F8013B1B0A20F8023B1B0C121F20
:108B100000F8013BF3D238BF121D521E24BF11F8DA
:108B2000013B00F8013BF8D87047000041EA030C14
:108B300050EA4C0C52EA0C0C4FF4001C09D307D03D
:108B40001CEB410F9CBF1CEB430F8B4208BF8242C2
:108B500070471CEB430FFBD8994208BF9042704707
:108B600041EA030C50EA4C0C52EA0C0C4FF4001C86
:108B700009D307D01CEB410F9CBF1CEB430F99425C
:108B800008BF904270471CEB410FFBD88B4208BFD7
:108B90008242704741EC100BBDEEC00B10EE100A84
:108BA000704700EE100AB8EEC00B51EC100B704786
:108BB00041EC100B43EC112B30EE410B51EC100B40
:108BC000704741EC100B43EC112B80EE010B51EC84
:108BD000100B704741EC100BBCEEC00B10EE100AEE
:108BE000704700EE100AB8EE400B51EC100B7047C6
:108BF00041EC100B43EC112B20EE010B51EC100B50
:108C000070470000613807E005E0A0F161011A2912
:108C100001D20120704741381A288041C00F7047A7
:108C2000A0F10901052901D3202801D101207047B5
:108C300000207047A0F141011A2938BF2030704749
:108C4000014870470148704750000020180000207C
:108C500010B50446FFF7F4FF014620460969BDE858
:108C600010400847012000F001B8000080B5AFF3C4
:108C70000080024A11001820ABBEFBE7260002006C
:108C80002D48016851F4700101602C4A106810F001
:108C90000F00072804D20720116860F30301116058
:108CA0002749086850F0010008600020254B186033
:108CB0000B68254803400B60106810F00F0008286F
:108CC00004D30720136860F30303136000201F4AD6
:108CD000106000201E4A106000201E4A10601E48CE
:108CE0001E4A10601E481F4A10601F481F4A10602D
:108CF00000221F4B1A601F4A106000221E4B1A6090
:108D00001E4A106000201E4A1060086830F480205F
:108D1000086000201B4908601B480068000C000424
:108D2000B0F1005F02D201201849086043F2D2007E
:108D3000174908607047000088ED00E000200052ED
:108D400000440258104402587FEDF6EA18440258D5
:108D50001C440258204402580002020228440258CF
:108D60000000FF012C4402588002010130440258E7
:108D700034440258384402583C4402584044025893
:108D800044440258604402580010005C08810051BD
:108D900000400052F0B402461068956813185068FD
:108DA00003EB5004C0071CD54D441AE013F8017BB7
:108DB00005F8017B491EF9D198B113F8011BC6F3E0
:108DC0008106032E08BF13F8016B01EB062149420F
:108DD000801C294405D011F8016B05F8016B401E79
:108DE000F9D1A3420ED013F8016B16F0030104BFB2
:108DF00013F8011BC91C30090F28DBD113F8010B34
:108E00000F30D7E7F0BC02F10C00704700002115CD
:108E1000110E0D0C0B0B0A0A0909090909080808AB
:108E200008080808070707070707070707070707CE
:108E3000070000003031323334353637383961625B
:108E4000636465666768696A6B6C6D6E6F7071727A
:108E5000737475767778797A000000000A2573209C
:108E60004552524F520A000000000000000024400A
:108E70000000000000005940000000000088C340CE
:108E80000000000084D797410080E03779C3414358
:108E9000176E05B5B5B89346F5F93FE9034F384D60
:108EA000321D30F94877825A3CBF737FDD4F15750C
:108EB00030B4002512E050F8042BD30744BF4A44D5
:108EC000521E091F042942F8045BFAD213468C078C
:108ED00044BF15809B1CC90748BF1D7050F8041B78
:108EE0000029E8D130BC704710B5074979441831E2
:108EF000064C7C44163404E00A68081D1144884777
:108F00000146A142F8D110BD2C000000480000002D
:108F10004EF68851CEF20001086840F470000860F7
:108F2000BFF34F8FBFF36F8F4FF00170E1EE100A68
:108F3000704700007DFFFFFF081A00009C00002022
:108F40000000000051FEFFFFE80200009600000054
:108F50000000002000F00DF8002801D0FFF7C4FF4A
:108F6000AFF300800020AFF30080F7F795F900F031
:108F700002F80120704700F001B8000007463846AB
:108F8000FFF774FEFBE700000548014603B468469E
:108F900080F30988AFF30080FFF7BAFFFFF7DAFF2D
:108FA000A5EDF5FE010002000400060008000A001D
:108FB0000C00100020004000800000010348016800
:108FC000034A127889180160704700BF981A002080
:108FD00098000020FEE7FEE7FEE7FEE7FEE77047A9
:108FE0007047704780B5FFF7E9FF01BD6325730A3D
:108FF0006625640A7225640A000000000000000073
:10900000010203040102030406070809014880471E
:1090100001480047818C0008898F00080A257320C9
:109020004F4B0A00FFF7FEBFFFF7FEBFFFF7FEBF83
:10903000FFF7FEBFFFF7FEBFFFF7FEBFFFF7FEBF64
:10904000FFF7FEBFFFF7FEBFFFF7FEBFFFF7FEBF54
:10905000FFF7FEBFFFF7FEBFFFF7FEBFFFF7FEBF44
:10906000FFF7FEBFFFF7FEBFFFF7FEBFFFF7FEBF34
:10907000FFF7FEBFFFF7FEBFFFF7FEBFFFF7FEBF24
:10908000FFF7FEBFFFF7FEBFFFF7FEBFFFF7FEBF14
:10909000FFF7FEBFFFF7FEBFFFF7FEBFFFF7FEBF04
:1090A000FFF7FEBFFFF7FEBFFFF7FEBFFFF7FEBFF4
:1090B000FFF7FEBFFFF7FEBFFFF7FEBFFFF7FEBFE4
:1090C000FFF7FEBFFFF7FEBFFFF7FEBFFFF7FEBFD4
:1090D000FFF7FEBFFFF7FEBFFFF7FEBFFFF7FEBFC4
:1090E000FFF7FEBFFFF7FEBFFFF7FEBFFFF7FEBFB4
:1090F000FFF7FEBFFFF7FEBFFFF7FEBFFFF7FEBFA4
:10910000FFF7FEBFFFF7FEBFFFF7FEBFFFF7FEBF93
:10911000FFF7FEBFFFF7FEBFFFF7FEBFFFF7FEBF83
:10912000FFF7FEBFFFF7FEBFFFF7FEBFFFF7FEBF73
:10913000FFF7FEBFFFF7FEBFFFF7FEBFFFF7FEBF63
:10914000FFF7FEBFFFF7FEBFFFF7FEBFFFF7FEBF53
:10915000FFF7FEBFFFF7FEBFFFF7FEBFFFF7FEBF43
:10916000FFF7FEBFFFF7FEBFFFF7FEBFFFF7FEBF33
:10917000FFF7FEBFFFF7FEBFFFF7FEBFFFF7FEBF23
:10918000FFF7FEBFFFF7FEBFFFF7FEBFFFF7FEBF13
:10919000FFF7FEBFFFF7FEBFFFF7FEBFFFF7FEBF03
:1091A000FFF7FEBFFFF7FEBFFFF7FEBFFFF7FEBFF3
:1091B000FFF7FEBFFFF7FEBFFFF7FEBFFFF7FEBFE3
:1091C000FFF7FEBFFFF7FEBFFFF7FEBFFFF7FEBFD3
:1091D000FFF7FEBFFFF7FEBFFFF7FEBFFFF7FEBFC3
:1091E000FFF7FEBFFFF7FEBFFFF7FEBFFFF7FEBFB3
:1091F000FFF7FEBFFFF7FEBFFFF7FEBFFFF7FEBFA3
:10920000FFF7FEBFFFF7FEBFFFF7FEBFFFF7FEBF92
:10921000FFF7FEBFFFF7FEBFFFF7FEBFFFF7FEBF82
:10922000FFF7FEBFFFF7FEBFFFF7FEBFFFF7FEBF72
:109230006002780000000413100001200190D003A8
:1092400004F00207426400080452FF01E34E561482
:10925000100500006E5A0008014820021800002086
:109260004F20020B8C000808520508122108120931
:0B92700004523510E10152011502010B
:0400000508008F89D7
:00000001FF
